
===========================================================================
report_checks -unconstrained
===========================================================================
======================= Fastest Corner ===================================

Startpoint: rst_n (input port clocked by clk)
Endpoint: _17884_ (recovery check against rising-edge clock clk)
Path Group: asynchronous
Path Type: max
Corner: Fastest

Fanout     Cap    Slew   Delay    Time   Description
-----------------------------------------------------------------------------
                  0.15    0.00    0.00   clock clk (rise edge)
                          0.00    0.00   clock network delay (ideal)
                         39.06   39.06 ^ input external delay
     1    0.00    0.02    0.01   39.07 ^ rst_n (in)
                                         rst_n (net)
                  0.02    0.00   39.07 ^ input1/A (sky130_fd_sc_hd__clkbuf_4)
     5    0.08    0.17    0.18   39.26 ^ input1/X (sky130_fd_sc_hd__clkbuf_4)
                                         net1 (net)
                  0.17    0.01   39.27 ^ fanout70/A (sky130_fd_sc_hd__clkbuf_4)
     7    0.06    0.14    0.21   39.48 ^ fanout70/X (sky130_fd_sc_hd__clkbuf_4)
                                         net70 (net)
                  0.14    0.01   39.49 ^ fanout51/A (sky130_fd_sc_hd__clkbuf_4)
    10    0.06    0.15    0.21   39.69 ^ fanout51/X (sky130_fd_sc_hd__clkbuf_4)
                                         net51 (net)
                  0.15    0.00   39.69 ^ fanout50/A (sky130_fd_sc_hd__clkbuf_4)
    10    0.05    0.12    0.19   39.88 ^ fanout50/X (sky130_fd_sc_hd__clkbuf_4)
                                         net50 (net)
                  0.12    0.00   39.88 ^ fanout49/A (sky130_fd_sc_hd__clkbuf_4)
    10    0.05    0.12    0.18   40.07 ^ fanout49/X (sky130_fd_sc_hd__clkbuf_4)
                                         net49 (net)
                  0.12    0.00   40.07 ^ _17884_/RESET_B (sky130_fd_sc_hd__dfrtp_4)
                                 40.07   data arrival time

                  0.15  195.31  195.31   clock clk (rise edge)
                          0.00  195.31   clock network delay (ideal)
                         -0.25  195.06   clock uncertainty
                          0.00  195.06   clock reconvergence pessimism
                                195.06 ^ _17884_/CLK (sky130_fd_sc_hd__dfrtp_4)
                          0.12  195.18   library recovery time
                                195.18   data required time
-----------------------------------------------------------------------------
                                195.18   data required time
                                -40.07   data arrival time
-----------------------------------------------------------------------------
                                155.11   slack (MET)


Startpoint: _17833_ (rising edge-triggered flip-flop clocked by clk)
Endpoint: _18026_ (rising edge-triggered flip-flop clocked by clk)
Path Group: clk
Path Type: max
Corner: Fastest

Fanout     Cap    Slew   Delay    Time   Description
-----------------------------------------------------------------------------
                  0.15    0.00    0.00   clock clk (rise edge)
                          0.00    0.00   clock network delay (ideal)
                  0.15    0.00    0.00 ^ _17833_/CLK (sky130_fd_sc_hd__dfrtp_4)
     4    0.02    0.06    0.36    0.36 v _17833_/Q (sky130_fd_sc_hd__dfrtp_4)
                                         u_fir.taps[9][1] (net)
                  0.06    0.00    0.36 v _10962_/A (sky130_fd_sc_hd__xor2_4)
     3    0.03    0.20    0.22    0.58 ^ _10962_/X (sky130_fd_sc_hd__xor2_4)
                                         _02108_ (net)
                  0.20    0.00    0.58 ^ _10964_/A3 (sky130_fd_sc_hd__a31o_2)
     3    0.03    0.14    0.19    0.78 ^ _10964_/X (sky130_fd_sc_hd__a31o_2)
                                         _02110_ (net)
                  0.14    0.00    0.78 ^ _10966_/B2 (sky130_fd_sc_hd__a221o_1)
     4    0.02    0.14    0.18    0.96 ^ _10966_/X (sky130_fd_sc_hd__a221o_1)
                                         _02112_ (net)
                  0.14    0.00    0.96 ^ _10968_/C_N (sky130_fd_sc_hd__or4bb_1)
     3    0.01    0.10    0.35    1.30 v _10968_/X (sky130_fd_sc_hd__or4bb_1)
                                         _02114_ (net)
                  0.10    0.00    1.31 v _11012_/A2 (sky130_fd_sc_hd__a2111o_1)
     2    0.01    0.08    0.33    1.63 v _11012_/X (sky130_fd_sc_hd__a2111o_1)
                                         _02158_ (net)
                  0.08    0.00    1.63 v _11033_/A2 (sky130_fd_sc_hd__a21o_1)
     4    0.02    0.07    0.18    1.82 v _11033_/X (sky130_fd_sc_hd__a21o_1)
                                         _02179_ (net)
                  0.07    0.00    1.82 v _11090_/A2 (sky130_fd_sc_hd__a311oi_2)
     2    0.01    0.22    0.24    2.06 ^ _11090_/Y (sky130_fd_sc_hd__a311oi_2)
                                         _02236_ (net)
                  0.22    0.00    2.06 ^ _11093_/A2 (sky130_fd_sc_hd__o211a_2)
     6    0.02    0.11    0.19    2.25 ^ _11093_/X (sky130_fd_sc_hd__o211a_2)
                                         _02239_ (net)
                  0.11    0.00    2.25 ^ _11524_/A2 (sky130_fd_sc_hd__o211ai_4)
     7    0.02    0.07    0.08    2.33 v _11524_/Y (sky130_fd_sc_hd__o211ai_4)
                                         _02670_ (net)
                  0.07    0.00    2.33 v _11719_/A (sky130_fd_sc_hd__and2_1)
     1    0.00    0.03    0.10    2.43 v _11719_/X (sky130_fd_sc_hd__and2_1)
                                         _02865_ (net)
                  0.03    0.00    2.43 v _11720_/A (sky130_fd_sc_hd__buf_2)
     9    0.04    0.07    0.13    2.56 v _11720_/X (sky130_fd_sc_hd__buf_2)
                                         _02866_ (net)
                  0.07    0.00    2.56 v _11722_/A2 (sky130_fd_sc_hd__a211o_1)
     2    0.01    0.04    0.21    2.77 v _11722_/X (sky130_fd_sc_hd__a211o_1)
                                         _02868_ (net)
                  0.04    0.00    2.77 v _11724_/A2 (sky130_fd_sc_hd__a21o_1)
     2    0.01    0.04    0.14    2.91 v _11724_/X (sky130_fd_sc_hd__a21o_1)
                                         _02870_ (net)
                  0.04    0.00    2.91 v _11726_/A2 (sky130_fd_sc_hd__a21o_1)
     2    0.01    0.04    0.13    3.04 v _11726_/X (sky130_fd_sc_hd__a21o_1)
                                         _02872_ (net)
                  0.04    0.00    3.04 v _11729_/A2 (sky130_fd_sc_hd__a21o_1)
     2    0.01    0.03    0.13    3.17 v _11729_/X (sky130_fd_sc_hd__a21o_1)
                                         _02875_ (net)
                  0.03    0.00    3.17 v _11730_/C (sky130_fd_sc_hd__and3_1)
     3    0.01    0.04    0.13    3.30 v _11730_/X (sky130_fd_sc_hd__and3_1)
                                         _02876_ (net)
                  0.04    0.00    3.30 v _11732_/A (sky130_fd_sc_hd__or3b_1)
     3    0.01    0.06    0.25    3.55 v _11732_/X (sky130_fd_sc_hd__or3b_1)
                                         _02878_ (net)
                  0.06    0.00    3.55 v _11734_/B (sky130_fd_sc_hd__and3_1)
     3    0.01    0.04    0.14    3.69 v _11734_/X (sky130_fd_sc_hd__and3_1)
                                         _02880_ (net)
                  0.04    0.00    3.69 v _11739_/A (sky130_fd_sc_hd__or3_1)
     1    0.00    0.04    0.22    3.91 v _11739_/X (sky130_fd_sc_hd__or3_1)
                                         _02885_ (net)
                  0.04    0.00    3.91 v _11740_/C1 (sky130_fd_sc_hd__a211o_2)
     4    0.02    0.07    0.17    4.08 v _11740_/X (sky130_fd_sc_hd__a211o_2)
                                         _02886_ (net)
                  0.07    0.00    4.08 v _13618_/A1 (sky130_fd_sc_hd__a2111o_2)
     3    0.02    0.08    0.33    4.41 v _13618_/X (sky130_fd_sc_hd__a2111o_2)
                                         _04764_ (net)
                  0.08    0.00    4.41 v _13752_/A1 (sky130_fd_sc_hd__a21bo_1)
     2    0.01    0.03    0.14    4.55 v _13752_/X (sky130_fd_sc_hd__a21bo_1)
                                         _04898_ (net)
                  0.03    0.00    4.55 v _13770_/A2 (sky130_fd_sc_hd__a21o_1)
     2    0.01    0.03    0.13    4.67 v _13770_/X (sky130_fd_sc_hd__a21o_1)
                                         _04916_ (net)
                  0.03    0.00    4.67 v _13809_/A2 (sky130_fd_sc_hd__a21o_1)
     3    0.01    0.05    0.14    4.82 v _13809_/X (sky130_fd_sc_hd__a21o_1)
                                         _04955_ (net)
                  0.05    0.00    4.82 v _13820_/A1 (sky130_fd_sc_hd__a21o_1)
     3    0.02    0.08    0.16    4.98 v _13820_/X (sky130_fd_sc_hd__a21o_1)
                                         _04966_ (net)
                  0.08    0.00    4.98 v _13825_/A2 (sky130_fd_sc_hd__a21o_1)
     3    0.01    0.04    0.16    5.14 v _13825_/X (sky130_fd_sc_hd__a21o_1)
                                         _04971_ (net)
                  0.04    0.00    5.14 v _13829_/A2 (sky130_fd_sc_hd__a21o_1)
     2    0.01    0.03    0.13    5.27 v _13829_/X (sky130_fd_sc_hd__a21o_1)
                                         _04975_ (net)
                  0.03    0.00    5.27 v _13831_/A2 (sky130_fd_sc_hd__a21o_1)
     3    0.01    0.05    0.14    5.41 v _13831_/X (sky130_fd_sc_hd__a21o_1)
                                         _04977_ (net)
                  0.05    0.00    5.41 v _13839_/A2 (sky130_fd_sc_hd__a21o_1)
     2    0.01    0.04    0.14    5.55 v _13839_/X (sky130_fd_sc_hd__a21o_1)
                                         _04985_ (net)
                  0.04    0.00    5.55 v _13841_/A2 (sky130_fd_sc_hd__a21o_1)
     3    0.01    0.05    0.15    5.70 v _13841_/X (sky130_fd_sc_hd__a21o_1)
                                         _04987_ (net)
                  0.05    0.00    5.70 v _13850_/B (sky130_fd_sc_hd__and3_1)
     2    0.01    0.05    0.14    5.83 v _13850_/X (sky130_fd_sc_hd__and3_1)
                                         _04996_ (net)
                  0.05    0.00    5.83 v _13852_/B1 (sky130_fd_sc_hd__a211o_1)
     3    0.01    0.07    0.17    6.00 v _13852_/X (sky130_fd_sc_hd__a211o_1)
                                         _04998_ (net)
                  0.07    0.00    6.01 v _13868_/A (sky130_fd_sc_hd__and3_1)
     2    0.01    0.05    0.13    6.13 v _13868_/X (sky130_fd_sc_hd__and3_1)
                                         _05014_ (net)
                  0.05    0.00    6.13 v _13870_/B1 (sky130_fd_sc_hd__a211o_1)
     3    0.01    0.05    0.16    6.29 v _13870_/X (sky130_fd_sc_hd__a211o_1)
                                         _05016_ (net)
                  0.05    0.00    6.29 v _13883_/A1 (sky130_fd_sc_hd__a21o_1)
     3    0.01    0.04    0.13    6.42 v _13883_/X (sky130_fd_sc_hd__a21o_1)
                                         _05029_ (net)
                  0.04    0.00    6.42 v _13884_/C (sky130_fd_sc_hd__and3_1)
     2    0.01    0.04    0.13    6.55 v _13884_/X (sky130_fd_sc_hd__and3_1)
                                         _05030_ (net)
                  0.04    0.00    6.55 v _13886_/A (sky130_fd_sc_hd__or2_1)
     1    0.01    0.05    0.16    6.71 v _13886_/X (sky130_fd_sc_hd__or2_1)
                                         _05032_ (net)
                  0.05    0.00    6.71 v _13887_/B (sky130_fd_sc_hd__xnor2_2)
     2    0.01    0.16    0.16    6.87 ^ _13887_/Y (sky130_fd_sc_hd__xnor2_2)
                                         _05033_ (net)
                  0.16    0.00    6.87 ^ _14014_/B (sky130_fd_sc_hd__xor2_2)
     2    0.02    0.20    0.18    7.05 ^ _14014_/X (sky130_fd_sc_hd__xor2_2)
                                         _05160_ (net)
                  0.20    0.00    7.05 ^ _14015_/B (sky130_fd_sc_hd__xor2_4)
     3    0.02    0.17    0.17    7.22 ^ _14015_/X (sky130_fd_sc_hd__xor2_4)
                                         _05161_ (net)
                  0.17    0.00    7.22 ^ _14016_/B (sky130_fd_sc_hd__and2b_1)
     2    0.01    0.06    0.12    7.34 ^ _14016_/X (sky130_fd_sc_hd__and2b_1)
                                         _05162_ (net)
                  0.06    0.00    7.34 ^ _14023_/C (sky130_fd_sc_hd__nand4_1)
     2    0.01    0.09    0.08    7.41 v _14023_/Y (sky130_fd_sc_hd__nand4_1)
                                         _05169_ (net)
                  0.09    0.00    7.41 v _14195_/A1 (sky130_fd_sc_hd__a21o_1)
     2    0.01    0.03    0.13    7.55 v _14195_/X (sky130_fd_sc_hd__a21o_1)
                                         _05341_ (net)
                  0.03    0.00    7.55 v _14342_/A1 (sky130_fd_sc_hd__a211o_2)
     3    0.02    0.07    0.23    7.77 v _14342_/X (sky130_fd_sc_hd__a211o_2)
                                         _05488_ (net)
                  0.07    0.00    7.77 v _14532_/A1 (sky130_fd_sc_hd__a211oi_4)
     6    0.02    0.25    0.26    8.03 ^ _14532_/Y (sky130_fd_sc_hd__a211oi_4)
                                         _05678_ (net)
                  0.25    0.00    8.03 ^ _14544_/A (sky130_fd_sc_hd__nor4_1)
     2    0.01    0.08    0.07    8.11 v _14544_/Y (sky130_fd_sc_hd__nor4_1)
                                         _05690_ (net)
                  0.08    0.00    8.11 v _14551_/A (sky130_fd_sc_hd__or4_2)
     4    0.02    0.11    0.47    8.57 v _14551_/X (sky130_fd_sc_hd__or4_2)
                                         _05697_ (net)
                  0.11    0.00    8.57 v _14552_/C1 (sky130_fd_sc_hd__a311o_1)
     2    0.01    0.05    0.14    8.71 v _14552_/X (sky130_fd_sc_hd__a311o_1)
                                         _05698_ (net)
                  0.05    0.00    8.71 v _14566_/A (sky130_fd_sc_hd__or4_1)
     1    0.00    0.06    0.32    9.03 v _14566_/X (sky130_fd_sc_hd__or4_1)
                                         _05712_ (net)
                  0.06    0.00    9.03 v _14567_/A (sky130_fd_sc_hd__clkbuf_2)
     7    0.02    0.07    0.13    9.16 v _14567_/X (sky130_fd_sc_hd__clkbuf_2)
                                         _05713_ (net)
                  0.07    0.00    9.16 v _14585_/A1 (sky130_fd_sc_hd__a2111oi_1)
     1    0.00    0.23    0.25    9.41 ^ _14585_/Y (sky130_fd_sc_hd__a2111oi_1)
                                         _05731_ (net)
                  0.23    0.00    9.41 ^ wire6/A (sky130_fd_sc_hd__clkbuf_1)
     2    0.01    0.06    0.08    9.49 ^ wire6/X (sky130_fd_sc_hd__clkbuf_1)
                                         net257 (net)
                  0.06    0.00    9.49 ^ max_cap45/A (sky130_fd_sc_hd__buf_1)
     1    0.01    0.08    0.10    9.59 ^ max_cap45/X (sky130_fd_sc_hd__buf_1)
                                         net45 (net)
                  0.08    0.00    9.59 ^ _14586_/B (sky130_fd_sc_hd__xor2_2)
     4    0.02    0.08    0.08    9.66 v _14586_/X (sky130_fd_sc_hd__xor2_2)
                                         _05732_ (net)
                  0.08    0.00    9.66 v _14590_/B (sky130_fd_sc_hd__nor3_1)
     3    0.01    0.21    0.22    9.88 ^ _14590_/Y (sky130_fd_sc_hd__nor3_1)
                                         _05736_ (net)
                  0.21    0.00    9.88 ^ _14594_/A2 (sky130_fd_sc_hd__a21o_1)
     3    0.01    0.07    0.12   10.00 ^ _14594_/X (sky130_fd_sc_hd__a21o_1)
                                         _05740_ (net)
                  0.07    0.00   10.00 ^ _14601_/A1 (sky130_fd_sc_hd__a21o_1)
     6    0.02    0.13    0.15   10.15 ^ _14601_/X (sky130_fd_sc_hd__a21o_1)
                                         _05747_ (net)
                  0.13    0.00   10.15 ^ _14602_/A (sky130_fd_sc_hd__buf_4)
    10    0.07    0.14    0.18   10.34 ^ _14602_/X (sky130_fd_sc_hd__buf_4)
                                         _05748_ (net)
                  0.14    0.00   10.34 ^ _14610_/C (sky130_fd_sc_hd__nand3_1)
     2    0.00    0.07    0.07   10.40 v _14610_/Y (sky130_fd_sc_hd__nand3_1)
                                         _05756_ (net)
                  0.07    0.00   10.40 v _14615_/A1 (sky130_fd_sc_hd__a2111o_1)
     4    0.01    0.08    0.28   10.68 v _14615_/X (sky130_fd_sc_hd__a2111o_1)
                                         _05761_ (net)
                  0.08    0.00   10.68 v _14621_/A1 (sky130_fd_sc_hd__a211o_1)
     2    0.00    0.04    0.19   10.87 v _14621_/X (sky130_fd_sc_hd__a211o_1)
                                         _05767_ (net)
                  0.04    0.00   10.87 v _14634_/A2 (sky130_fd_sc_hd__o31a_1)
     3    0.01    0.06    0.21   11.08 v _14634_/X (sky130_fd_sc_hd__o31a_1)
                                         _05780_ (net)
                  0.06    0.00   11.08 v _14640_/A1 (sky130_fd_sc_hd__o31a_2)
     8    0.03    0.08    0.29   11.36 v _14640_/X (sky130_fd_sc_hd__o31a_2)
                                         _05786_ (net)
                  0.08    0.00   11.36 v _14652_/C (sky130_fd_sc_hd__or3_1)
     2    0.01    0.06    0.22   11.58 v _14652_/X (sky130_fd_sc_hd__or3_1)
                                         _05798_ (net)
                  0.06    0.00   11.58 v _14654_/A (sky130_fd_sc_hd__and2_1)
     5    0.02    0.06    0.14   11.72 v _14654_/X (sky130_fd_sc_hd__and2_1)
                                         _05800_ (net)
                  0.06    0.00   11.72 v _14662_/A2 (sky130_fd_sc_hd__a31oi_1)
     2    0.01    0.14    0.16   11.88 ^ _14662_/Y (sky130_fd_sc_hd__a31oi_1)
                                         _05808_ (net)
                  0.14    0.00   11.88 ^ _14673_/A1 (sky130_fd_sc_hd__a21o_1)
     4    0.01    0.09    0.13   12.01 ^ _14673_/X (sky130_fd_sc_hd__a21o_1)
                                         _05819_ (net)
                  0.09    0.00   12.01 ^ _14675_/A2 (sky130_fd_sc_hd__a21oi_1)
     2    0.01    0.06    0.06   12.07 v _14675_/Y (sky130_fd_sc_hd__a21oi_1)
                                         _05821_ (net)
                  0.06    0.00   12.07 v _14676_/A (sky130_fd_sc_hd__clkbuf_4)
    10    0.04    0.07    0.15   12.22 v _14676_/X (sky130_fd_sc_hd__clkbuf_4)
                                         _05822_ (net)
                  0.07    0.00   12.22 v _14692_/C (sky130_fd_sc_hd__or3_1)
     3    0.01    0.07    0.23   12.45 v _14692_/X (sky130_fd_sc_hd__or3_1)
                                         _05838_ (net)
                  0.07    0.00   12.45 v _14694_/B (sky130_fd_sc_hd__and3_1)
     3    0.01    0.04    0.14   12.59 v _14694_/X (sky130_fd_sc_hd__and3_1)
                                         _05840_ (net)
                  0.04    0.00   12.59 v _14700_/A3 (sky130_fd_sc_hd__a311o_1)
     3    0.01    0.05    0.25   12.84 v _14700_/X (sky130_fd_sc_hd__a311o_1)
                                         _05846_ (net)
                  0.05    0.00   12.84 v _14705_/A2 (sky130_fd_sc_hd__a21o_2)
     8    0.03    0.07    0.20   13.04 v _14705_/X (sky130_fd_sc_hd__a21o_2)
                                         _05851_ (net)
                  0.07    0.00   13.04 v _14714_/A1 (sky130_fd_sc_hd__a21oi_2)
     3    0.01    0.13    0.16   13.20 ^ _14714_/Y (sky130_fd_sc_hd__a21oi_2)
                                         _05860_ (net)
                  0.13    0.00   13.20 ^ _14717_/A (sky130_fd_sc_hd__nor2_1)
     3    0.01    0.06    0.07   13.27 v _14717_/Y (sky130_fd_sc_hd__nor2_1)
                                         _05863_ (net)
                  0.06    0.00   13.27 v _14738_/A1 (sky130_fd_sc_hd__a2111o_1)
     5    0.01    0.08    0.28   13.55 v _14738_/X (sky130_fd_sc_hd__a2111o_1)
                                         _05884_ (net)
                  0.08    0.00   13.55 v _14749_/A3 (sky130_fd_sc_hd__a41o_1)
     3    0.01    0.05    0.19   13.74 v _14749_/X (sky130_fd_sc_hd__a41o_1)
                                         _05895_ (net)
                  0.05    0.00   13.74 v _14752_/A2 (sky130_fd_sc_hd__a21o_1)
     6    0.02    0.06    0.16   13.90 v _14752_/X (sky130_fd_sc_hd__a21o_1)
                                         _05898_ (net)
                  0.06    0.00   13.90 v _14753_/C (sky130_fd_sc_hd__and3_1)
     2    0.01    0.04    0.15   14.05 v _14753_/X (sky130_fd_sc_hd__and3_1)
                                         _05899_ (net)
                  0.04    0.00   14.05 v _14759_/A (sky130_fd_sc_hd__nor2_1)
     4    0.02    0.20    0.19   14.24 ^ _14759_/Y (sky130_fd_sc_hd__nor2_1)
                                         _05905_ (net)
                  0.20    0.00   14.24 ^ _14762_/C_N (sky130_fd_sc_hd__or4bb_4)
     6    0.02    0.08    0.38   14.62 v _14762_/X (sky130_fd_sc_hd__or4bb_4)
                                         _05908_ (net)
                  0.08    0.00   14.62 v _14785_/A1 (sky130_fd_sc_hd__a41o_4)
     9    0.05    0.07    0.20   14.82 v _14785_/X (sky130_fd_sc_hd__a41o_4)
                                         _05931_ (net)
                  0.07    0.00   14.82 v _14798_/C (sky130_fd_sc_hd__and3_1)
     4    0.01    0.05    0.16   14.99 v _14798_/X (sky130_fd_sc_hd__and3_1)
                                         _05944_ (net)
                  0.05    0.00   14.99 v _14803_/A (sky130_fd_sc_hd__or4_1)
     3    0.01    0.09    0.36   15.35 v _14803_/X (sky130_fd_sc_hd__or4_1)
                                         _05949_ (net)
                  0.09    0.00   15.35 v _14807_/C1 (sky130_fd_sc_hd__a2111o_1)
     4    0.01    0.07    0.22   15.57 v _14807_/X (sky130_fd_sc_hd__a2111o_1)
                                         _05953_ (net)
                  0.07    0.00   15.57 v _14813_/A1 (sky130_fd_sc_hd__a21o_2)
     6    0.02    0.06    0.17   15.75 v _14813_/X (sky130_fd_sc_hd__a21o_2)
                                         _05959_ (net)
                  0.06    0.00   15.75 v _14823_/A1 (sky130_fd_sc_hd__a21bo_1)
     3    0.01    0.05    0.14   15.89 v _14823_/X (sky130_fd_sc_hd__a21bo_1)
                                         _05969_ (net)
                  0.05    0.00   15.89 v _14827_/A2 (sky130_fd_sc_hd__a21bo_1)
     1    0.00    0.03    0.14   16.02 v _14827_/X (sky130_fd_sc_hd__a21bo_1)
                                         _05973_ (net)
                  0.03    0.00   16.02 v _14828_/B (sky130_fd_sc_hd__xor2_1)
     4    0.01    0.23    0.21   16.23 ^ _14828_/X (sky130_fd_sc_hd__xor2_1)
                                         _05974_ (net)
                  0.23    0.00   16.23 ^ _14840_/A2 (sky130_fd_sc_hd__a311o_1)
     1    0.00    0.04    0.12   16.35 ^ _14840_/X (sky130_fd_sc_hd__a311o_1)
                                         _05986_ (net)
                  0.04    0.00   16.35 ^ _14848_/A1 (sky130_fd_sc_hd__a21o_1)
     3    0.01    0.10    0.12   16.48 ^ _14848_/X (sky130_fd_sc_hd__a21o_1)
                                         _05994_ (net)
                  0.10    0.00   16.48 ^ _14851_/A (sky130_fd_sc_hd__clkbuf_4)
    10    0.05    0.12    0.18   16.66 ^ _14851_/X (sky130_fd_sc_hd__clkbuf_4)
                                         _05997_ (net)
                  0.12    0.00   16.66 ^ _14866_/A2 (sky130_fd_sc_hd__a21oi_1)
     2    0.00    0.06    0.06   16.72 v _14866_/Y (sky130_fd_sc_hd__a21oi_1)
                                         _06012_ (net)
                  0.06    0.00   16.72 v _14867_/B (sky130_fd_sc_hd__or4bb_1)
     2    0.01    0.07    0.32   17.04 v _14867_/X (sky130_fd_sc_hd__or4bb_1)
                                         _06013_ (net)
                  0.07    0.00   17.04 v _14868_/C1 (sky130_fd_sc_hd__a221o_1)
     2    0.01    0.04    0.13   17.16 v _14868_/X (sky130_fd_sc_hd__a221o_1)
                                         _06014_ (net)
                  0.04    0.00   17.16 v _14878_/A1 (sky130_fd_sc_hd__a21o_1)
     7    0.02    0.07    0.15   17.32 v _14878_/X (sky130_fd_sc_hd__a21o_1)
                                         _06024_ (net)
                  0.07    0.00   17.32 v _14905_/A (sky130_fd_sc_hd__and2_1)
     1    0.00    0.03    0.11   17.42 v _14905_/X (sky130_fd_sc_hd__and2_1)
                                         _06051_ (net)
                  0.03    0.00   17.42 v _14906_/A (sky130_fd_sc_hd__clkbuf_4)
     8    0.04    0.06    0.13   17.56 v _14906_/X (sky130_fd_sc_hd__clkbuf_4)
                                         _06052_ (net)
                  0.06    0.00   17.56 v _14912_/D (sky130_fd_sc_hd__or4_1)
     2    0.01    0.07    0.26   17.82 v _14912_/X (sky130_fd_sc_hd__or4_1)
                                         _06058_ (net)
                  0.07    0.00   17.82 v _14919_/A (sky130_fd_sc_hd__xnor2_1)
     3    0.01    0.20    0.21   18.03 ^ _14919_/Y (sky130_fd_sc_hd__xnor2_1)
                                         _06065_ (net)
                  0.20    0.00   18.03 ^ _14920_/B1 (sky130_fd_sc_hd__a41o_1)
     3    0.01    0.08    0.10   18.13 ^ _14920_/X (sky130_fd_sc_hd__a41o_1)
                                         _06066_ (net)
                  0.08    0.00   18.13 ^ _14928_/A1 (sky130_fd_sc_hd__a21oi_2)
     2    0.01    0.05    0.05   18.18 v _14928_/Y (sky130_fd_sc_hd__a21oi_2)
                                         _06074_ (net)
                  0.05    0.00   18.18 v _14929_/A (sky130_fd_sc_hd__clkbuf_4)
    10    0.05    0.07    0.15   18.33 v _14929_/X (sky130_fd_sc_hd__clkbuf_4)
                                         _06075_ (net)
                  0.07    0.00   18.33 v _14939_/B (sky130_fd_sc_hd__or3b_1)
     2    0.00    0.05    0.23   18.56 v _14939_/X (sky130_fd_sc_hd__or3b_1)
                                         _06085_ (net)
                  0.05    0.00   18.56 v _14944_/B2 (sky130_fd_sc_hd__a2bb2o_1)
     3    0.01    0.07    0.20   18.76 v _14944_/X (sky130_fd_sc_hd__a2bb2o_1)
                                         _06090_ (net)
                  0.07    0.00   18.76 v _14952_/A3 (sky130_fd_sc_hd__o311ai_4)
     5    0.01    0.22    0.22   18.98 ^ _14952_/Y (sky130_fd_sc_hd__o311ai_4)
                                         _06098_ (net)
                  0.22    0.00   18.98 ^ _14960_/A1 (sky130_fd_sc_hd__a21o_1)
     4    0.02    0.12    0.15   19.13 ^ _14960_/X (sky130_fd_sc_hd__a21o_1)
                                         _06106_ (net)
                  0.12    0.00   19.13 ^ _14963_/A (sky130_fd_sc_hd__nand2_2)
     6    0.03    0.09    0.10   19.23 v _14963_/Y (sky130_fd_sc_hd__nand2_2)
                                         _06109_ (net)
                  0.09    0.00   19.23 v _14965_/A2 (sky130_fd_sc_hd__a22o_1)
     4    0.02    0.07    0.19   19.42 v _14965_/X (sky130_fd_sc_hd__a22o_1)
                                         _06111_ (net)
                  0.07    0.00   19.42 v _14980_/C1 (sky130_fd_sc_hd__a2111o_1)
     4    0.01    0.07    0.22   19.63 v _14980_/X (sky130_fd_sc_hd__a2111o_1)
                                         _06126_ (net)
                  0.07    0.00   19.63 v _14995_/A3 (sky130_fd_sc_hd__a41o_1)
     4    0.02    0.07    0.21   19.85 v _14995_/X (sky130_fd_sc_hd__a41o_1)
                                         _06141_ (net)
                  0.07    0.00   19.85 v _15004_/A1 (sky130_fd_sc_hd__a21o_2)
     8    0.03    0.07    0.18   20.03 v _15004_/X (sky130_fd_sc_hd__a21o_2)
                                         _06150_ (net)
                  0.07    0.00   20.03 v _15017_/C (sky130_fd_sc_hd__and3_1)
     3    0.01    0.04    0.15   20.18 v _15017_/X (sky130_fd_sc_hd__and3_1)
                                         _06163_ (net)
                  0.04    0.00   20.18 v _15019_/B (sky130_fd_sc_hd__or3_1)
     4    0.01    0.08    0.26   20.44 v _15019_/X (sky130_fd_sc_hd__or3_1)
                                         _06165_ (net)
                  0.08    0.00   20.44 v _15020_/C1 (sky130_fd_sc_hd__a2111o_1)
     3    0.01    0.06    0.21   20.64 v _15020_/X (sky130_fd_sc_hd__a2111o_1)
                                         _06166_ (net)
                  0.06    0.00   20.64 v _15027_/A1 (sky130_fd_sc_hd__a21o_2)
     8    0.03    0.07    0.18   20.82 v _15027_/X (sky130_fd_sc_hd__a21o_2)
                                         _06173_ (net)
                  0.07    0.00   20.82 v _15046_/A1 (sky130_fd_sc_hd__a2111o_1)
     2    0.01    0.06    0.26   21.08 v _15046_/X (sky130_fd_sc_hd__a2111o_1)
                                         _06192_ (net)
                  0.06    0.00   21.08 v _15050_/A (sky130_fd_sc_hd__xor2_1)
     3    0.01    0.08    0.14   21.22 v _15050_/X (sky130_fd_sc_hd__xor2_1)
                                         _06196_ (net)
                  0.08    0.00   21.22 v _15051_/A2 (sky130_fd_sc_hd__a211oi_1)
     1    0.00    0.14    0.18   21.40 ^ _15051_/Y (sky130_fd_sc_hd__a211oi_1)
                                         _06197_ (net)
                  0.14    0.00   21.40 ^ _15061_/A2 (sky130_fd_sc_hd__a41o_1)
     2    0.01    0.08    0.15   21.56 ^ _15061_/X (sky130_fd_sc_hd__a41o_1)
                                         _06207_ (net)
                  0.08    0.00   21.56 ^ _15069_/A1 (sky130_fd_sc_hd__a21oi_2)
     6    0.02    0.05    0.06   21.62 v _15069_/Y (sky130_fd_sc_hd__a21oi_2)
                                         _06215_ (net)
                  0.05    0.00   21.62 v _15094_/B (sky130_fd_sc_hd__or3_1)
     3    0.01    0.06    0.24   21.85 v _15094_/X (sky130_fd_sc_hd__or3_1)
                                         _06240_ (net)
                  0.06    0.00   21.85 v _15095_/B (sky130_fd_sc_hd__or2_1)
     1    0.00    0.03    0.14   21.99 v _15095_/X (sky130_fd_sc_hd__or2_1)
                                         _06241_ (net)
                  0.03    0.00   21.99 v _15100_/B1 (sky130_fd_sc_hd__a2bb2o_1)
     4    0.01    0.06    0.21   22.20 v _15100_/X (sky130_fd_sc_hd__a2bb2o_1)
                                         _06246_ (net)
                  0.06    0.00   22.20 v _15115_/A2 (sky130_fd_sc_hd__a21o_1)
     6    0.02    0.08    0.18   22.38 v _15115_/X (sky130_fd_sc_hd__a21o_1)
                                         _06261_ (net)
                  0.08    0.00   22.38 v _15127_/A1 (sky130_fd_sc_hd__a211o_1)
     2    0.01    0.05    0.19   22.58 v _15127_/X (sky130_fd_sc_hd__a211o_1)
                                         _06273_ (net)
                  0.05    0.00   22.58 v _15134_/S (sky130_fd_sc_hd__mux2_1)
     3    0.01    0.07    0.23   22.81 v _15134_/X (sky130_fd_sc_hd__mux2_1)
                                         _06280_ (net)
                  0.07    0.00   22.81 v _15135_/C (sky130_fd_sc_hd__and3_1)
     2    0.01    0.04    0.15   22.96 v _15135_/X (sky130_fd_sc_hd__and3_1)
                                         _06281_ (net)
                  0.04    0.00   22.96 v _15139_/A3 (sky130_fd_sc_hd__a31o_1)
     2    0.01    0.04    0.16   23.12 v _15139_/X (sky130_fd_sc_hd__a31o_1)
                                         _06285_ (net)
                  0.04    0.00   23.12 v _15150_/A1 (sky130_fd_sc_hd__a21o_1)
     2    0.01    0.03    0.11   23.23 v _15150_/X (sky130_fd_sc_hd__a21o_1)
                                         _06296_ (net)
                  0.03    0.00   23.23 v _15155_/A (sky130_fd_sc_hd__clkbuf_4)
    10    0.04    0.06    0.14   23.37 v _15155_/X (sky130_fd_sc_hd__clkbuf_4)
                                         _06301_ (net)
                  0.06    0.00   23.37 v _15173_/C (sky130_fd_sc_hd__and3_1)
     2    0.00    0.03    0.13   23.50 v _15173_/X (sky130_fd_sc_hd__and3_1)
                                         _06319_ (net)
                  0.03    0.00   23.50 v _15174_/D (sky130_fd_sc_hd__or4_1)
     3    0.01    0.08    0.27   23.77 v _15174_/X (sky130_fd_sc_hd__or4_1)
                                         _06320_ (net)
                  0.08    0.00   23.77 v _15178_/B1 (sky130_fd_sc_hd__a2111o_1)
     1    0.00    0.04    0.20   23.97 v _15178_/X (sky130_fd_sc_hd__a2111o_1)
                                         _06324_ (net)
                  0.04    0.00   23.97 v _15182_/A2 (sky130_fd_sc_hd__a21o_2)
    10    0.03    0.07    0.20   24.17 v _15182_/X (sky130_fd_sc_hd__a21o_2)
                                         _06328_ (net)
                  0.07    0.00   24.17 v _15188_/A1_N (sky130_fd_sc_hd__o2bb2a_1)
     2    0.01    0.09    0.21   24.37 ^ _15188_/X (sky130_fd_sc_hd__o2bb2a_1)
                                         _06334_ (net)
                  0.09    0.00   24.37 ^ _15189_/B (sky130_fd_sc_hd__xor2_1)
     3    0.01    0.06    0.07   24.44 v _15189_/X (sky130_fd_sc_hd__xor2_1)
                                         _06335_ (net)
                  0.06    0.00   24.45 v _15199_/A (sky130_fd_sc_hd__or4b_1)
     3    0.01    0.09    0.36   24.81 v _15199_/X (sky130_fd_sc_hd__or4b_1)
                                         _06345_ (net)
                  0.09    0.00   24.81 v _15229_/A (sky130_fd_sc_hd__nor4_2)
     4    0.01    0.27    0.31   25.12 ^ _15229_/Y (sky130_fd_sc_hd__nor4_2)
                                         _06375_ (net)
                  0.27    0.00   25.12 ^ max_cap38/A (sky130_fd_sc_hd__buf_1)
     1    0.01    0.09    0.11   25.22 ^ max_cap38/X (sky130_fd_sc_hd__buf_1)
                                         net38 (net)
                  0.09    0.00   25.22 ^ _15230_/B1 (sky130_fd_sc_hd__a21oi_4)
     4    0.03    0.05    0.04   25.27 v _15230_/Y (sky130_fd_sc_hd__a21oi_4)
                                         _06376_ (net)
                  0.06    0.00   25.27 v _15246_/A1 (sky130_fd_sc_hd__o31a_2)
     7    0.02    0.07    0.26   25.53 v _15246_/X (sky130_fd_sc_hd__o31a_2)
                                         _06392_ (net)
                  0.07    0.00   25.53 v _15262_/A2 (sky130_fd_sc_hd__o31a_2)
     2    0.02    0.07    0.26   25.79 v _15262_/X (sky130_fd_sc_hd__o31a_2)
                                         _06408_ (net)
                  0.07    0.00   25.79 v _15388_/B (sky130_fd_sc_hd__or3b_2)
     5    0.02    0.09    0.33   26.12 v _15388_/X (sky130_fd_sc_hd__or3b_2)
                                         _06534_ (net)
                  0.09    0.00   26.12 v _15485_/C (sky130_fd_sc_hd__and4_1)
     2    0.00    0.03    0.15   26.28 v _15485_/X (sky130_fd_sc_hd__and4_1)
                                         _06631_ (net)
                  0.03    0.00   26.28 v _15491_/B (sky130_fd_sc_hd__or3_1)
     4    0.01    0.07    0.24   26.52 v _15491_/X (sky130_fd_sc_hd__or3_1)
                                         _06637_ (net)
                  0.07    0.00   26.52 v _15808_/A (sky130_fd_sc_hd__and3_1)
     3    0.01    0.05    0.14   26.65 v _15808_/X (sky130_fd_sc_hd__and3_1)
                                         _06954_ (net)
                  0.05    0.00   26.65 v _15810_/B (sky130_fd_sc_hd__or3_2)
     5    0.02    0.09    0.33   26.98 v _15810_/X (sky130_fd_sc_hd__or3_2)
                                         _06956_ (net)
                  0.09    0.00   26.98 v _15839_/A1 (sky130_fd_sc_hd__a21o_1)
     2    0.01    0.03    0.13   27.11 v _15839_/X (sky130_fd_sc_hd__a21o_1)
                                         _06985_ (net)
                  0.03    0.00   27.11 v _15842_/B (sky130_fd_sc_hd__and3_1)
     3    0.01    0.05    0.13   27.24 v _15842_/X (sky130_fd_sc_hd__and3_1)
                                         _06988_ (net)
                  0.05    0.00   27.24 v _15861_/A (sky130_fd_sc_hd__or3_1)
     3    0.01    0.07    0.26   27.51 v _15861_/X (sky130_fd_sc_hd__or3_1)
                                         _07007_ (net)
                  0.07    0.00   27.51 v _15878_/A1 (sky130_fd_sc_hd__a21o_1)
     3    0.01    0.04    0.13   27.64 v _15878_/X (sky130_fd_sc_hd__a21o_1)
                                         _07024_ (net)
                  0.04    0.00   27.64 v _15879_/C (sky130_fd_sc_hd__and3_2)
     3    0.02    0.06    0.18   27.82 v _15879_/X (sky130_fd_sc_hd__and3_2)
                                         _07025_ (net)
                  0.06    0.00   27.82 v _15898_/A (sky130_fd_sc_hd__or3b_1)
     3    0.01    0.07    0.27   28.09 v _15898_/X (sky130_fd_sc_hd__or3b_1)
                                         _07044_ (net)
                  0.07    0.00   28.09 v _15899_/B1_N (sky130_fd_sc_hd__a21boi_2)
     2    0.02    0.06    0.14   28.23 v _15899_/Y (sky130_fd_sc_hd__a21boi_2)
                                         _07045_ (net)
                  0.06    0.00   28.23 v _15900_/B (sky130_fd_sc_hd__or2_1)
     3    0.01    0.05    0.16   28.39 v _15900_/X (sky130_fd_sc_hd__or2_1)
                                         _07046_ (net)
                  0.05    0.00   28.39 v _15905_/A2 (sky130_fd_sc_hd__o31a_1)
     2    0.01    0.05    0.20   28.59 v _15905_/X (sky130_fd_sc_hd__o31a_1)
                                         _07051_ (net)
                  0.05    0.00   28.59 v _15907_/A2 (sky130_fd_sc_hd__o21ai_1)
     2    0.01    0.14    0.14   28.73 ^ _15907_/Y (sky130_fd_sc_hd__o21ai_1)
                                         _07053_ (net)
                  0.14    0.00   28.74 ^ _16102_/A (sky130_fd_sc_hd__xor2_1)
     2    0.01    0.17    0.17   28.90 ^ _16102_/X (sky130_fd_sc_hd__xor2_1)
                                         _07248_ (net)
                  0.17    0.00   28.90 ^ _16103_/B (sky130_fd_sc_hd__nor2_1)
     2    0.01    0.05    0.04   28.95 v _16103_/Y (sky130_fd_sc_hd__nor2_1)
                                         _07249_ (net)
                  0.05    0.00   28.95 v _16139_/A1 (sky130_fd_sc_hd__o311a_1)
     2    0.01    0.05    0.24   29.19 v _16139_/X (sky130_fd_sc_hd__o311a_1)
                                         _07285_ (net)
                  0.05    0.00   29.19 v _16140_/B (sky130_fd_sc_hd__or2_1)
     3    0.01    0.06    0.17   29.35 v _16140_/X (sky130_fd_sc_hd__or2_1)
                                         _07286_ (net)
                  0.06    0.00   29.35 v _16145_/A1 (sky130_fd_sc_hd__o211a_1)
     2    0.00    0.03    0.16   29.51 v _16145_/X (sky130_fd_sc_hd__o211a_1)
                                         _07291_ (net)
                  0.03    0.00   29.51 v _16147_/A (sky130_fd_sc_hd__or2b_1)
     3    0.01    0.05    0.16   29.67 v _16147_/X (sky130_fd_sc_hd__or2b_1)
                                         _07293_ (net)
                  0.05    0.00   29.68 v _16149_/A2 (sky130_fd_sc_hd__a21oi_1)
     1    0.00    0.08    0.11   29.78 ^ _16149_/Y (sky130_fd_sc_hd__a21oi_1)
                                         _07295_ (net)
                  0.08    0.00   29.78 ^ _16150_/B (sky130_fd_sc_hd__or2_1)
     3    0.01    0.07    0.10   29.88 ^ _16150_/X (sky130_fd_sc_hd__or2_1)
                                         _07296_ (net)
                  0.07    0.00   29.88 ^ _16156_/A1 (sky130_fd_sc_hd__a31o_2)
     2    0.02    0.09    0.14   30.03 ^ _16156_/X (sky130_fd_sc_hd__a31o_2)
                                         _07302_ (net)
                  0.09    0.00   30.03 ^ _16158_/A2 (sky130_fd_sc_hd__a21o_1)
     2    0.01    0.09    0.13   30.16 ^ _16158_/X (sky130_fd_sc_hd__a21o_1)
                                         _07304_ (net)
                  0.09    0.00   30.16 ^ _16160_/A2 (sky130_fd_sc_hd__a21oi_1)
     3    0.01    0.07    0.08   30.24 v _16160_/Y (sky130_fd_sc_hd__a21oi_1)
                                         _07306_ (net)
                  0.07    0.00   30.24 v _16162_/A3 (sky130_fd_sc_hd__o31a_1)
     3    0.01    0.06    0.19   30.44 v _16162_/X (sky130_fd_sc_hd__o31a_1)
                                         _07308_ (net)
                  0.06    0.00   30.44 v _16164_/A3 (sky130_fd_sc_hd__o31a_2)
     4    0.02    0.06    0.22   30.66 v _16164_/X (sky130_fd_sc_hd__o31a_2)
                                         _07310_ (net)
                  0.06    0.00   30.66 v _16301_/A (sky130_fd_sc_hd__or4_1)
     3    0.01    0.08    0.35   31.01 v _16301_/X (sky130_fd_sc_hd__or4_1)
                                         _07447_ (net)
                  0.08    0.00   31.01 v _16400_/A1 (sky130_fd_sc_hd__a2111oi_1)
     2    0.01    0.33    0.34   31.35 ^ _16400_/Y (sky130_fd_sc_hd__a2111oi_1)
                                         _07546_ (net)
                  0.33    0.00   31.35 ^ max_cap3/A (sky130_fd_sc_hd__clkbuf_1)
     1    0.00    0.04    0.07   31.41 ^ max_cap3/X (sky130_fd_sc_hd__clkbuf_1)
                                         net254 (net)
                  0.04    0.00   31.41 ^ _16421_/A1 (sky130_fd_sc_hd__o2111a_1)
     6    0.02    0.17    0.23   31.64 ^ _16421_/X (sky130_fd_sc_hd__o2111a_1)
                                         _07567_ (net)
                  0.17    0.00   31.64 ^ _16422_/B (sky130_fd_sc_hd__or2_1)
     1    0.01    0.07    0.11   31.75 ^ _16422_/X (sky130_fd_sc_hd__or2_1)
                                         _07568_ (net)
                  0.07    0.00   31.75 ^ _16423_/A (sky130_fd_sc_hd__buf_8)
    10    0.09    0.12    0.14   31.89 ^ _16423_/X (sky130_fd_sc_hd__buf_8)
                                         _07569_ (net)
                  0.12    0.00   31.89 ^ _16475_/A (sky130_fd_sc_hd__xor2_1)
     3    0.01    0.13    0.14   32.03 ^ _16475_/X (sky130_fd_sc_hd__xor2_1)
                                         _07621_ (net)
                  0.13    0.00   32.03 ^ _16532_/C_N (sky130_fd_sc_hd__or3b_1)
     1    0.00    0.04    0.20   32.23 v _16532_/X (sky130_fd_sc_hd__or3b_1)
                                         _07678_ (net)
                  0.04    0.00   32.23 v _16537_/A (sky130_fd_sc_hd__or4bb_1)
     2    0.01    0.07    0.32   32.55 v _16537_/X (sky130_fd_sc_hd__or4bb_1)
                                         _07683_ (net)
                  0.07    0.00   32.55 v _16546_/A2 (sky130_fd_sc_hd__o31ai_1)
     2    0.01    0.20    0.22   32.77 ^ _16546_/Y (sky130_fd_sc_hd__o31ai_1)
                                         _07692_ (net)
                  0.20    0.00   32.77 ^ _16558_/A (sky130_fd_sc_hd__buf_4)
    10    0.07    0.15    0.19   32.96 ^ _16558_/X (sky130_fd_sc_hd__buf_4)
                                         _07704_ (net)
                  0.15    0.00   32.96 ^ _16567_/A1 (sky130_fd_sc_hd__a21boi_4)
     3    0.02    0.06    0.06   33.02 v _16567_/Y (sky130_fd_sc_hd__a21boi_4)
                                         _07713_ (net)
                  0.06    0.00   33.02 v _16581_/B (sky130_fd_sc_hd__or4bb_1)
     1    0.00    0.05    0.28   33.31 v _16581_/X (sky130_fd_sc_hd__or4bb_1)
                                         _07727_ (net)
                  0.05    0.00   33.31 v _16582_/D (sky130_fd_sc_hd__and4_1)
     2    0.01    0.04    0.15   33.46 v _16582_/X (sky130_fd_sc_hd__and4_1)
                                         _07728_ (net)
                  0.04    0.00   33.46 v _16589_/A1 (sky130_fd_sc_hd__o21bai_1)
     3    0.01    0.17    0.17   33.63 ^ _16589_/Y (sky130_fd_sc_hd__o21bai_1)
                                         _07735_ (net)
                  0.17    0.00   33.63 ^ _16597_/A2 (sky130_fd_sc_hd__a211o_1)
     4    0.02    0.13    0.17   33.80 ^ _16597_/X (sky130_fd_sc_hd__a211o_1)
                                         _07743_ (net)
                  0.13    0.00   33.80 ^ _16603_/A1 (sky130_fd_sc_hd__a21o_1)
     5    0.02    0.13    0.15   33.95 ^ _16603_/X (sky130_fd_sc_hd__a21o_1)
                                         _07749_ (net)
                  0.13    0.00   33.95 ^ _16604_/D (sky130_fd_sc_hd__and4b_1)
     4    0.01    0.12    0.19   34.15 ^ _16604_/X (sky130_fd_sc_hd__and4b_1)
                                         _07750_ (net)
                  0.12    0.00   34.15 ^ _16608_/D_N (sky130_fd_sc_hd__or4b_1)
     3    0.01    0.08    0.30   34.44 v _16608_/X (sky130_fd_sc_hd__or4b_1)
                                         _07754_ (net)
                  0.08    0.00   34.44 v _16653_/A2 (sky130_fd_sc_hd__a21o_1)
     2    0.01    0.03    0.15   34.59 v _16653_/X (sky130_fd_sc_hd__a21o_1)
                                         _07799_ (net)
                  0.03    0.00   34.59 v _16663_/A1 (sky130_fd_sc_hd__o311a_2)
    10    0.03    0.09    0.32   34.90 v _16663_/X (sky130_fd_sc_hd__o311a_2)
                                         _07809_ (net)
                  0.09    0.00   34.91 v _16700_/C (sky130_fd_sc_hd__and3_1)
     1    0.00    0.03    0.14   35.04 v _16700_/X (sky130_fd_sc_hd__and3_1)
                                         _07846_ (net)
                  0.03    0.00   35.04 v _16701_/B (sky130_fd_sc_hd__or2_2)
     3    0.02    0.06    0.20   35.24 v _16701_/X (sky130_fd_sc_hd__or2_2)
                                         _07847_ (net)
                  0.06    0.00   35.24 v _16710_/A1 (sky130_fd_sc_hd__o2111a_1)
     3    0.01    0.06    0.21   35.45 v _16710_/X (sky130_fd_sc_hd__o2111a_1)
                                         _07856_ (net)
                  0.06    0.00   35.45 v _16712_/A2 (sky130_fd_sc_hd__a211o_1)
     3    0.01    0.06    0.23   35.69 v _16712_/X (sky130_fd_sc_hd__a211o_1)
                                         _07858_ (net)
                  0.06    0.00   35.69 v _16730_/A2 (sky130_fd_sc_hd__a31o_1)
     3    0.01    0.05    0.17   35.86 v _16730_/X (sky130_fd_sc_hd__a31o_1)
                                         _07876_ (net)
                  0.05    0.00   35.86 v _16731_/B (sky130_fd_sc_hd__and2_1)
     1    0.00    0.03    0.11   35.97 v _16731_/X (sky130_fd_sc_hd__and2_1)
                                         _07877_ (net)
                  0.03    0.00   35.97 v _16732_/A (sky130_fd_sc_hd__clkbuf_4)
    10    0.06    0.09    0.15   36.13 v _16732_/X (sky130_fd_sc_hd__clkbuf_4)
                                         _07878_ (net)
                  0.09    0.00   36.13 v _16765_/C (sky130_fd_sc_hd__or4b_1)
     3    0.01    0.08    0.33   36.45 v _16765_/X (sky130_fd_sc_hd__or4b_1)
                                         _07911_ (net)
                  0.08    0.00   36.45 v _16766_/B_N (sky130_fd_sc_hd__or2b_1)
     4    0.01    0.10    0.18   36.63 ^ _16766_/X (sky130_fd_sc_hd__or2b_1)
                                         _07912_ (net)
                  0.10    0.00   36.63 ^ _16774_/A_N (sky130_fd_sc_hd__and3b_1)
     1    0.00    0.03    0.12   36.75 v _16774_/X (sky130_fd_sc_hd__and3b_1)
                                         _07920_ (net)
                  0.03    0.00   36.75 v _16779_/A3 (sky130_fd_sc_hd__a31o_1)
     3    0.01    0.04    0.16   36.91 v _16779_/X (sky130_fd_sc_hd__a31o_1)
                                         _07925_ (net)
                  0.04    0.00   36.91 v _16786_/B (sky130_fd_sc_hd__and2_1)
     1    0.00    0.02    0.10   37.01 v _16786_/X (sky130_fd_sc_hd__and2_1)
                                         _07932_ (net)
                  0.02    0.00   37.01 v _16787_/A (sky130_fd_sc_hd__clkbuf_2)
     7    0.03    0.09    0.13   37.14 v _16787_/X (sky130_fd_sc_hd__clkbuf_2)
                                         _07933_ (net)
                  0.09    0.00   37.14 v _16788_/A3 (sky130_fd_sc_hd__o32a_1)
     2    0.01    0.07    0.23   37.37 v _16788_/X (sky130_fd_sc_hd__o32a_1)
                                         _07934_ (net)
                  0.07    0.00   37.37 v _16819_/B (sky130_fd_sc_hd__xnor2_1)
     3    0.01    0.07    0.12   37.49 v _16819_/Y (sky130_fd_sc_hd__xnor2_1)
                                         _07967_ (net)
                  0.07    0.00   37.49 v _16828_/A (sky130_fd_sc_hd__or4_2)
     3    0.02    0.10    0.45   37.95 v _16828_/X (sky130_fd_sc_hd__or4_2)
                                         _07977_ (net)
                  0.10    0.00   37.95 v _16832_/A4 (sky130_fd_sc_hd__a41oi_4)
     5    0.02    0.18    0.23   38.18 ^ _16832_/Y (sky130_fd_sc_hd__a41oi_4)
                                         _07981_ (net)
                  0.18    0.00   38.18 ^ _16833_/A (sky130_fd_sc_hd__clkbuf_4)
    10    0.05    0.12    0.19   38.37 ^ _16833_/X (sky130_fd_sc_hd__clkbuf_4)
                                         _07982_ (net)
                  0.12    0.00   38.37 ^ _16852_/B (sky130_fd_sc_hd__xnor2_1)
     3    0.01    0.21    0.14   38.51 ^ _16852_/Y (sky130_fd_sc_hd__xnor2_1)
                                         _08002_ (net)
                  0.21    0.00   38.51 ^ _16855_/B (sky130_fd_sc_hd__nor3_1)
     2    0.01    0.06    0.06   38.56 v _16855_/Y (sky130_fd_sc_hd__nor3_1)
                                         _08005_ (net)
                  0.06    0.00   38.56 v _16870_/A1 (sky130_fd_sc_hd__o32a_1)
     3    0.02    0.08    0.27   38.83 v _16870_/X (sky130_fd_sc_hd__o32a_1)
                                         _08022_ (net)
                  0.08    0.00   38.83 v _16874_/B1 (sky130_fd_sc_hd__o2bb2a_1)
     4    0.01    0.07    0.23   39.06 v _16874_/X (sky130_fd_sc_hd__o2bb2a_1)
                                         _08026_ (net)
                  0.07    0.00   39.06 v _16888_/A1 (sky130_fd_sc_hd__o21bai_1)
     4    0.01    0.19    0.19   39.26 ^ _16888_/Y (sky130_fd_sc_hd__o21bai_1)
                                         _08042_ (net)
                  0.19    0.00   39.26 ^ _16893_/A (sky130_fd_sc_hd__clkbuf_4)
    10    0.04    0.10    0.18   39.44 ^ _16893_/X (sky130_fd_sc_hd__clkbuf_4)
                                         _08047_ (net)
                  0.10    0.00   39.44 ^ _16895_/A1 (sky130_fd_sc_hd__a21oi_1)
     3    0.01    0.06    0.07   39.51 v _16895_/Y (sky130_fd_sc_hd__a21oi_1)
                                         _08049_ (net)
                  0.06    0.00   39.51 v _16899_/A (sky130_fd_sc_hd__or3b_1)
     3    0.01    0.07    0.26   39.77 v _16899_/X (sky130_fd_sc_hd__or3b_1)
                                         _08054_ (net)
                  0.07    0.00   39.77 v _16943_/C (sky130_fd_sc_hd__and4_1)
     4    0.01    0.05    0.17   39.94 v _16943_/X (sky130_fd_sc_hd__and4_1)
                                         _08099_ (net)
                  0.05    0.00   39.94 v _16944_/D (sky130_fd_sc_hd__nor4_1)
     1    0.00    0.18    0.14   40.08 ^ _16944_/Y (sky130_fd_sc_hd__nor4_1)
                                         _08100_ (net)
                  0.18    0.00   40.08 ^ wire2/A (sky130_fd_sc_hd__buf_1)
     2    0.01    0.07    0.09   40.17 ^ wire2/X (sky130_fd_sc_hd__buf_1)
                                         net253 (net)
                  0.07    0.00   40.17 ^ max_cap25/A (sky130_fd_sc_hd__buf_1)
     3    0.01    0.11    0.12   40.29 ^ max_cap25/X (sky130_fd_sc_hd__buf_1)
                                         net25 (net)
                  0.11    0.00   40.29 ^ max_cap24/A (sky130_fd_sc_hd__buf_1)
     1    0.01    0.09    0.11   40.40 ^ max_cap24/X (sky130_fd_sc_hd__buf_1)
                                         net24 (net)
                  0.09    0.00   40.40 ^ _16972_/B1 (sky130_fd_sc_hd__a221oi_4)
     7    0.03    0.08    0.07   40.47 v _16972_/Y (sky130_fd_sc_hd__a221oi_4)
                                         _08129_ (net)
                  0.08    0.00   40.47 v _16975_/B (sky130_fd_sc_hd__or3_1)
     2    0.01    0.06    0.24   40.71 v _16975_/X (sky130_fd_sc_hd__or3_1)
                                         _08132_ (net)
                  0.06    0.00   40.71 v _16980_/A2 (sky130_fd_sc_hd__a221o_1)
     2    0.00    0.04    0.21   40.92 v _16980_/X (sky130_fd_sc_hd__a221o_1)
                                         _08137_ (net)
                  0.04    0.00   40.92 v _16992_/A (sky130_fd_sc_hd__or4_1)
     2    0.01    0.07    0.33   41.25 v _16992_/X (sky130_fd_sc_hd__or4_1)
                                         _08150_ (net)
                  0.07    0.00   41.25 v _17009_/A2 (sky130_fd_sc_hd__o311a_2)
     8    0.03    0.09    0.31   41.56 v _17009_/X (sky130_fd_sc_hd__o311a_2)
                                         _08168_ (net)
                  0.09    0.00   41.56 v _17019_/A1 (sky130_fd_sc_hd__a21o_1)
     1    0.00    0.02    0.12   41.68 v _17019_/X (sky130_fd_sc_hd__a21o_1)
                                         _08178_ (net)
                  0.02    0.00   41.68 v _17020_/A2 (sky130_fd_sc_hd__a21o_1)
     4    0.01    0.06    0.15   41.83 v _17020_/X (sky130_fd_sc_hd__a21o_1)
                                         _08179_ (net)
                  0.06    0.00   41.83 v _17035_/A (sky130_fd_sc_hd__nor4b_1)
     2    0.01    0.25    0.27   42.10 ^ _17035_/Y (sky130_fd_sc_hd__nor4b_1)
                                         _08195_ (net)
                  0.25    0.00   42.11 ^ max_cap21/A (sky130_fd_sc_hd__clkbuf_1)
     2    0.01    0.05    0.08   42.18 ^ max_cap21/X (sky130_fd_sc_hd__clkbuf_1)
                                         net21 (net)
                  0.05    0.00   42.18 ^ _17036_/D_N (sky130_fd_sc_hd__or4bb_1)
     2    0.01    0.06    0.25   42.43 v _17036_/X (sky130_fd_sc_hd__or4bb_1)
                                         _08196_ (net)
                  0.06    0.00   42.43 v _17055_/A1 (sky130_fd_sc_hd__a21bo_1)
     2    0.01    0.04    0.13   42.56 v _17055_/X (sky130_fd_sc_hd__a21bo_1)
                                         _08217_ (net)
                  0.04    0.00   42.56 v _17071_/A1 (sky130_fd_sc_hd__a21o_1)
     4    0.02    0.07    0.14   42.71 v _17071_/X (sky130_fd_sc_hd__a21o_1)
                                         _08234_ (net)
                  0.07    0.00   42.71 v _17085_/A (sky130_fd_sc_hd__and2_1)
     3    0.01    0.05    0.13   42.84 v _17085_/X (sky130_fd_sc_hd__and2_1)
                                         _08249_ (net)
                  0.05    0.00   42.84 v _17088_/A (sky130_fd_sc_hd__clkbuf_4)
    10    0.04    0.07    0.15   42.98 v _17088_/X (sky130_fd_sc_hd__clkbuf_4)
                                         _08253_ (net)
                  0.07    0.00   42.98 v _17107_/A_N (sky130_fd_sc_hd__and2b_1)
     2    0.01    0.09    0.18   43.16 ^ _17107_/X (sky130_fd_sc_hd__and2b_1)
                                         _08273_ (net)
                  0.09    0.00   43.16 ^ _17108_/A2 (sky130_fd_sc_hd__a21boi_1)
     1    0.00    0.05    0.04   43.21 v _17108_/Y (sky130_fd_sc_hd__a21boi_1)
                                         _08275_ (net)
                  0.05    0.00   43.21 v _17109_/B (sky130_fd_sc_hd__or2_1)
     2    0.01    0.04    0.15   43.35 v _17109_/X (sky130_fd_sc_hd__or2_1)
                                         _08276_ (net)
                  0.04    0.00   43.35 v _17113_/B (sky130_fd_sc_hd__nor4b_1)
     2    0.01    0.29    0.29   43.65 ^ _17113_/Y (sky130_fd_sc_hd__nor4b_1)
                                         _08280_ (net)
                  0.29    0.00   43.65 ^ max_cap1/A (sky130_fd_sc_hd__clkbuf_1)
     2    0.00    0.05    0.07   43.72 ^ max_cap1/X (sky130_fd_sc_hd__clkbuf_1)
                                         net252 (net)
                  0.05    0.00   43.72 ^ max_cap20/A (sky130_fd_sc_hd__buf_1)
     1    0.01    0.10    0.11   43.83 ^ max_cap20/X (sky130_fd_sc_hd__buf_1)
                                         net20 (net)
                  0.10    0.00   43.83 ^ _17133_/A2 (sky130_fd_sc_hd__a21oi_4)
     5    0.02    0.06    0.06   43.89 v _17133_/Y (sky130_fd_sc_hd__a21oi_4)
                                         _08301_ (net)
                  0.06    0.00   43.89 v _17135_/A (sky130_fd_sc_hd__nor2_4)
     9    0.05    0.22    0.22   44.11 ^ _17135_/Y (sky130_fd_sc_hd__nor2_4)
                                         _08303_ (net)
                  0.22    0.00   44.11 ^ _17136_/B (sky130_fd_sc_hd__xor2_4)
     3    0.02    0.08    0.08   44.19 v _17136_/X (sky130_fd_sc_hd__xor2_4)
                                         _08304_ (net)
                  0.08    0.00   44.19 v _17139_/A (sky130_fd_sc_hd__or2_1)
     4    0.01    0.06    0.19   44.38 v _17139_/X (sky130_fd_sc_hd__or2_1)
                                         _08308_ (net)
                  0.06    0.00   44.38 v _17144_/A2 (sky130_fd_sc_hd__a31o_1)
     2    0.01    0.04    0.16   44.55 v _17144_/X (sky130_fd_sc_hd__a31o_1)
                                         _08313_ (net)
                  0.04    0.00   44.55 v _17154_/A1 (sky130_fd_sc_hd__a21o_1)
     4    0.02    0.06    0.14   44.69 v _17154_/X (sky130_fd_sc_hd__a21o_1)
                                         _08324_ (net)
                  0.06    0.00   44.69 v _17177_/A1 (sky130_fd_sc_hd__a21o_2)
     7    0.03    0.07    0.18   44.87 v _17177_/X (sky130_fd_sc_hd__a21o_2)
                                         _08349_ (net)
                  0.07    0.00   44.87 v _17180_/A2 (sky130_fd_sc_hd__a2111o_1)
     3    0.01    0.06    0.30   45.17 v _17180_/X (sky130_fd_sc_hd__a2111o_1)
                                         _08352_ (net)
                  0.06    0.00   45.17 v _17192_/S (sky130_fd_sc_hd__mux2_1)
     3    0.01    0.07    0.24   45.41 v _17192_/X (sky130_fd_sc_hd__mux2_1)
                                         _08365_ (net)
                  0.07    0.00   45.41 v _17193_/B (sky130_fd_sc_hd__and2b_1)
     2    0.01    0.03    0.12   45.53 v _17193_/X (sky130_fd_sc_hd__and2b_1)
                                         _08366_ (net)
                  0.03    0.00   45.53 v _17199_/A (sky130_fd_sc_hd__and3_1)
     3    0.01    0.06    0.12   45.65 v _17199_/X (sky130_fd_sc_hd__and3_1)
                                         _08373_ (net)
                  0.06    0.00   45.66 v _17231_/A1 (sky130_fd_sc_hd__a31o_2)
     5    0.03    0.08    0.19   45.85 v _17231_/X (sky130_fd_sc_hd__a31o_2)
                                         _08407_ (net)
                  0.08    0.00   45.85 v _17251_/A1 (sky130_fd_sc_hd__a211oi_4)
     4    0.03    0.26    0.27   46.12 ^ _17251_/Y (sky130_fd_sc_hd__a211oi_4)
                                         _08429_ (net)
                  0.26    0.00   46.12 ^ _17254_/D_N (sky130_fd_sc_hd__or4b_1)
     1    0.01    0.08    0.29   46.42 v _17254_/X (sky130_fd_sc_hd__or4b_1)
                                         _08432_ (net)
                  0.08    0.00   46.42 v _17257_/A (sky130_fd_sc_hd__xnor2_2)
     2    0.01    0.06    0.13   46.55 v _17257_/Y (sky130_fd_sc_hd__xnor2_2)
                                         _08435_ (net)
                  0.06    0.00   46.55 v _17258_/B1_N (sky130_fd_sc_hd__o21bai_1)
     3    0.01    0.07    0.12   46.67 v _17258_/Y (sky130_fd_sc_hd__o21bai_1)
                                         _08437_ (net)
                  0.07    0.00   46.67 v _17265_/A1 (sky130_fd_sc_hd__a21o_1)
     3    0.01    0.04    0.14   46.80 v _17265_/X (sky130_fd_sc_hd__a21o_1)
                                         _08444_ (net)
                  0.04    0.00   46.80 v _17279_/A1 (sky130_fd_sc_hd__a21o_2)
     7    0.02    0.06    0.17   46.97 v _17279_/X (sky130_fd_sc_hd__a21o_2)
                                         _08460_ (net)
                  0.06    0.00   46.97 v _17280_/B (sky130_fd_sc_hd__and2_1)
     1    0.00    0.02    0.11   47.08 v _17280_/X (sky130_fd_sc_hd__and2_1)
                                         _08461_ (net)
                  0.02    0.00   47.08 v _17281_/A (sky130_fd_sc_hd__clkbuf_4)
     7    0.04    0.06    0.13   47.21 v _17281_/X (sky130_fd_sc_hd__clkbuf_4)
                                         _08462_ (net)
                  0.06    0.00   47.21 v _17282_/B (sky130_fd_sc_hd__xnor2_4)
     6    0.03    0.10    0.13   47.34 v _17282_/Y (sky130_fd_sc_hd__xnor2_4)
                                         _08463_ (net)
                  0.10    0.00   47.34 v _17291_/A2 (sky130_fd_sc_hd__o211ai_4)
     5    0.02    0.15    0.18   47.52 ^ _17291_/Y (sky130_fd_sc_hd__o211ai_4)
                                         _08472_ (net)
                  0.15    0.00   47.52 ^ _17301_/A1 (sky130_fd_sc_hd__o21bai_1)
     3    0.01    0.06    0.08   47.60 v _17301_/Y (sky130_fd_sc_hd__o21bai_1)
                                         _08483_ (net)
                  0.06    0.00   47.60 v _17307_/A1 (sky130_fd_sc_hd__a21o_1)
     5    0.02    0.06    0.15   47.76 v _17307_/X (sky130_fd_sc_hd__a21o_1)
                                         _08489_ (net)
                  0.06    0.00   47.76 v _17340_/A1 (sky130_fd_sc_hd__a21oi_2)
     7    0.02    0.22    0.22   47.98 ^ _17340_/Y (sky130_fd_sc_hd__a21oi_2)
                                         _08526_ (net)
                  0.22    0.00   47.98 ^ _17364_/A1 (sky130_fd_sc_hd__o21a_1)
     1    0.00    0.04    0.10   48.08 ^ _17364_/X (sky130_fd_sc_hd__o21a_1)
                                         _08551_ (net)
                  0.04    0.00   48.08 ^ _17365_/S (sky130_fd_sc_hd__mux2_1)
     2    0.01    0.05    0.21   48.29 v _17365_/X (sky130_fd_sc_hd__mux2_1)
                                         _08552_ (net)
                  0.05    0.00   48.29 v _17367_/C (sky130_fd_sc_hd__nor4b_1)
     1    0.00    0.16    0.17   48.46 ^ _17367_/Y (sky130_fd_sc_hd__nor4b_1)
                                         _08554_ (net)
                  0.16    0.00   48.46 ^ wire19/A (sky130_fd_sc_hd__buf_1)
     1    0.01    0.09    0.11   48.56 ^ wire19/X (sky130_fd_sc_hd__buf_1)
                                         net19 (net)
                  0.09    0.00   48.56 ^ _17368_/C1 (sky130_fd_sc_hd__o221ai_4)
     4    0.01    0.06    0.05   48.61 v _17368_/Y (sky130_fd_sc_hd__o221ai_4)
                                         _08556_ (net)
                  0.06    0.00   48.61 v _17377_/A1 (sky130_fd_sc_hd__a21o_2)
    10    0.03    0.07    0.18   48.79 v _17377_/X (sky130_fd_sc_hd__a21o_2)
                                         _08565_ (net)
                  0.07    0.00   48.79 v _17388_/A1 (sky130_fd_sc_hd__a31o_1)
     1    0.00    0.03    0.13   48.92 v _17388_/X (sky130_fd_sc_hd__a31o_1)
                                         _08577_ (net)
                  0.03    0.00   48.92 v _17392_/A2 (sky130_fd_sc_hd__a2111o_1)
     1    0.01    0.05    0.27   49.19 v _17392_/X (sky130_fd_sc_hd__a2111o_1)
                                         _08581_ (net)
                  0.05    0.00   49.19 v _17402_/A1 (sky130_fd_sc_hd__a21o_1)
     1    0.00    0.03    0.11   49.29 v _17402_/X (sky130_fd_sc_hd__a21o_1)
                                         _08592_ (net)
                  0.03    0.00   49.29 v _17413_/A1 (sky130_fd_sc_hd__a21oi_1)
     2    0.01    0.11    0.11   49.40 ^ _17413_/Y (sky130_fd_sc_hd__a21oi_1)
                                         _08604_ (net)
                  0.11    0.00   49.40 ^ _17418_/A_N (sky130_fd_sc_hd__and4bb_1)
     5    0.02    0.07    0.17   49.57 v _17418_/X (sky130_fd_sc_hd__and4bb_1)
                                         _08610_ (net)
                  0.07    0.00   49.57 v _17419_/D (sky130_fd_sc_hd__and4_1)
     4    0.01    0.06    0.18   49.75 v _17419_/X (sky130_fd_sc_hd__and4_1)
                                         _08611_ (net)
                  0.06    0.00   49.75 v _17420_/D (sky130_fd_sc_hd__and4_1)
     4    0.01    0.06    0.18   49.93 v _17420_/X (sky130_fd_sc_hd__and4_1)
                                         _08612_ (net)
                  0.06    0.00   49.93 v _17421_/D (sky130_fd_sc_hd__and4_1)
     5    0.02    0.06    0.18   50.11 v _17421_/X (sky130_fd_sc_hd__and4_1)
                                         _08613_ (net)
                  0.06    0.00   50.11 v _17423_/A1 (sky130_fd_sc_hd__a21o_1)
     1    0.00    0.03    0.12   50.23 v _17423_/X (sky130_fd_sc_hd__a21o_1)
                                         _08615_ (net)
                  0.03    0.00   50.23 v _17424_/A3 (sky130_fd_sc_hd__a31o_2)
     6    0.03    0.07    0.21   50.44 v _17424_/X (sky130_fd_sc_hd__a31o_2)
                                         _08616_ (net)
                  0.07    0.00   50.44 v _17430_/A (sky130_fd_sc_hd__buf_2)
    10    0.05    0.08    0.15   50.59 v _17430_/X (sky130_fd_sc_hd__buf_2)
                                         _08621_ (net)
                  0.08    0.00   50.59 v _17442_/A1 (sky130_fd_sc_hd__a31o_1)
     1    0.00    0.03    0.13   50.73 v _17442_/X (sky130_fd_sc_hd__a31o_1)
                                         _08632_ (net)
                  0.03    0.00   50.73 v _17443_/B1 (sky130_fd_sc_hd__o21a_1)
     1    0.00    0.02    0.06   50.79 v _17443_/X (sky130_fd_sc_hd__o21a_1)
                                         _00283_ (net)
                  0.02    0.00   50.79 v _18026_/D (sky130_fd_sc_hd__dfrtp_1)
                                 50.79   data arrival time

                  0.15  195.31  195.31   clock clk (rise edge)
                          0.00  195.31   clock network delay (ideal)
                         -0.25  195.06   clock uncertainty
                          0.00  195.06   clock reconvergence pessimism
                                195.06 ^ _18026_/CLK (sky130_fd_sc_hd__dfrtp_1)
                         -0.06  195.00   library setup time
                                195.00   data required time
-----------------------------------------------------------------------------
                                195.00   data required time
                                -50.79   data arrival time
-----------------------------------------------------------------------------
                                144.22   slack (MET)



======================= Slowest Corner ===================================

Startpoint: rst_n (input port clocked by clk)
Endpoint: _17708_ (recovery check against rising-edge clock clk)
Path Group: asynchronous
Path Type: max
Corner: Slowest

Fanout     Cap    Slew   Delay    Time   Description
-----------------------------------------------------------------------------
                  0.15    0.00    0.00   clock clk (rise edge)
                          0.00    0.00   clock network delay (ideal)
                         39.06   39.06 ^ input external delay
     1    0.00    0.04    0.02   39.08 ^ rst_n (in)
                                         rst_n (net)
                  0.04    0.00   39.08 ^ input1/A (sky130_fd_sc_hd__clkbuf_4)
     5    0.08    0.36    0.46   39.54 ^ input1/X (sky130_fd_sc_hd__clkbuf_4)
                                         net1 (net)
                  0.36    0.00   39.54 ^ fanout108/A (sky130_fd_sc_hd__buf_4)
     8    0.10    0.43    0.62   40.16 ^ fanout108/X (sky130_fd_sc_hd__buf_4)
                                         net108 (net)
                  0.43    0.00   40.16 ^ fanout94/A (sky130_fd_sc_hd__buf_2)
     8    0.05    0.36    0.58   40.75 ^ fanout94/X (sky130_fd_sc_hd__buf_2)
                                         net94 (net)
                  0.36    0.00   40.75 ^ fanout88/A (sky130_fd_sc_hd__buf_2)
     8    0.04    0.31    0.52   41.27 ^ fanout88/X (sky130_fd_sc_hd__buf_2)
                                         net88 (net)
                  0.31    0.00   41.27 ^ fanout87/A (sky130_fd_sc_hd__clkbuf_4)
    10    0.05    0.23    0.50   41.77 ^ fanout87/X (sky130_fd_sc_hd__clkbuf_4)
                                         net87 (net)
                  0.23    0.00   41.77 ^ _17708_/RESET_B (sky130_fd_sc_hd__dfrtp_2)
                                 41.77   data arrival time

                  0.15  195.31  195.31   clock clk (rise edge)
                          0.00  195.31   clock network delay (ideal)
                         -0.25  195.06   clock uncertainty
                          0.00  195.06   clock reconvergence pessimism
                                195.06 ^ _17708_/CLK (sky130_fd_sc_hd__dfrtp_2)
                          0.40  195.46   library recovery time
                                195.46   data required time
-----------------------------------------------------------------------------
                                195.46   data required time
                                -41.77   data arrival time
-----------------------------------------------------------------------------
                                153.69   slack (MET)


Startpoint: _17833_ (rising edge-triggered flip-flop clocked by clk)
Endpoint: _18026_ (rising edge-triggered flip-flop clocked by clk)
Path Group: clk
Path Type: max
Corner: Slowest

Fanout     Cap    Slew   Delay    Time   Description
-----------------------------------------------------------------------------
                  0.15    0.00    0.00   clock clk (rise edge)
                          0.00    0.00   clock network delay (ideal)
                  0.15    0.00    0.00 ^ _17833_/CLK (sky130_fd_sc_hd__dfrtp_4)
     4    0.02    0.17    1.16    1.16 v _17833_/Q (sky130_fd_sc_hd__dfrtp_4)
                                         u_fir.taps[9][1] (net)
                  0.17    0.00    1.16 v _10962_/A (sky130_fd_sc_hd__xor2_4)
     3    0.03    0.41    0.50    1.66 ^ _10962_/X (sky130_fd_sc_hd__xor2_4)
                                         _02108_ (net)
                  0.41    0.00    1.66 ^ _10964_/A3 (sky130_fd_sc_hd__a31o_2)
     3    0.03    0.29    0.65    2.31 ^ _10964_/X (sky130_fd_sc_hd__a31o_2)
                                         _02110_ (net)
                  0.29    0.00    2.31 ^ _10966_/B2 (sky130_fd_sc_hd__a221o_1)
     4    0.02    0.29    0.55    2.86 ^ _10966_/X (sky130_fd_sc_hd__a221o_1)
                                         _02112_ (net)
                  0.29    0.00    2.86 ^ _10968_/C_N (sky130_fd_sc_hd__or4bb_1)
     3    0.01    0.29    1.43    4.29 v _10968_/X (sky130_fd_sc_hd__or4bb_1)
                                         _02114_ (net)
                  0.29    0.00    4.29 v _11012_/A2 (sky130_fd_sc_hd__a2111o_1)
     2    0.01    0.21    1.05    5.33 v _11012_/X (sky130_fd_sc_hd__a2111o_1)
                                         _02158_ (net)
                  0.21    0.00    5.33 v _11033_/A2 (sky130_fd_sc_hd__a21o_1)
     4    0.02    0.18    0.52    5.85 v _11033_/X (sky130_fd_sc_hd__a21o_1)
                                         _02179_ (net)
                  0.18    0.00    5.85 v _11090_/A2 (sky130_fd_sc_hd__a311oi_2)
     2    0.01    0.48    0.62    6.47 ^ _11090_/Y (sky130_fd_sc_hd__a311oi_2)
                                         _02236_ (net)
                  0.48    0.00    6.47 ^ _11094_/C1 (sky130_fd_sc_hd__a211oi_2)
     4    0.01    0.14    0.23    6.70 v _11094_/Y (sky130_fd_sc_hd__a211oi_2)
                                         _02240_ (net)
                  0.14    0.00    6.70 v _11527_/B (sky130_fd_sc_hd__or2_1)
     1    0.00    0.09    0.50    7.20 v _11527_/X (sky130_fd_sc_hd__or2_1)
                                         _02673_ (net)
                  0.09    0.00    7.20 v _11528_/A (sky130_fd_sc_hd__buf_2)
     6    0.03    0.15    0.36    7.56 v _11528_/X (sky130_fd_sc_hd__buf_2)
                                         _02674_ (net)
                  0.15    0.00    7.56 v _11529_/B2 (sky130_fd_sc_hd__o2bb2a_1)
     2    0.00    0.12    0.70    8.26 v _11529_/X (sky130_fd_sc_hd__o2bb2a_1)
                                         _02675_ (net)
                  0.12    0.00    8.26 v _11530_/C (sky130_fd_sc_hd__or3_1)
     3    0.01    0.19    0.86    9.12 v _11530_/X (sky130_fd_sc_hd__or3_1)
                                         _02676_ (net)
                  0.19    0.00    9.12 v _11712_/B1_N (sky130_fd_sc_hd__a21bo_1)
     2    0.01    0.10    0.45    9.57 ^ _11712_/X (sky130_fd_sc_hd__a21bo_1)
                                         _02858_ (net)
                  0.10    0.00    9.57 ^ _11725_/A (sky130_fd_sc_hd__nand3_1)
     3    0.01    0.27    0.28    9.85 v _11725_/Y (sky130_fd_sc_hd__nand3_1)
                                         _02871_ (net)
                  0.27    0.00    9.85 v _11729_/A1 (sky130_fd_sc_hd__a21o_1)
     2    0.01    0.08    0.41   10.26 v _11729_/X (sky130_fd_sc_hd__a21o_1)
                                         _02875_ (net)
                  0.08    0.00   10.26 v _11730_/C (sky130_fd_sc_hd__and3_1)
     3    0.01    0.11    0.43   10.69 v _11730_/X (sky130_fd_sc_hd__and3_1)
                                         _02876_ (net)
                  0.11    0.00   10.69 v _11732_/A (sky130_fd_sc_hd__or3b_1)
     3    0.01    0.18    0.98   11.66 v _11732_/X (sky130_fd_sc_hd__or3b_1)
                                         _02878_ (net)
                  0.18    0.00   11.66 v _11734_/B (sky130_fd_sc_hd__and3_1)
     3    0.01    0.11    0.45   12.12 v _11734_/X (sky130_fd_sc_hd__and3_1)
                                         _02880_ (net)
                  0.11    0.00   12.12 v _11739_/A (sky130_fd_sc_hd__or3_1)
     1    0.00    0.14    0.90   13.02 v _11739_/X (sky130_fd_sc_hd__or3_1)
                                         _02885_ (net)
                  0.14    0.00   13.02 v _11740_/C1 (sky130_fd_sc_hd__a211o_2)
     4    0.02    0.17    0.68   13.70 v _11740_/X (sky130_fd_sc_hd__a211o_2)
                                         _02886_ (net)
                  0.17    0.00   13.70 v _13618_/A1 (sky130_fd_sc_hd__a2111o_2)
     3    0.02    0.22    1.05   14.76 v _13618_/X (sky130_fd_sc_hd__a2111o_2)
                                         _04764_ (net)
                  0.22    0.00   14.76 v _13752_/A1 (sky130_fd_sc_hd__a21bo_1)
     2    0.01    0.09    0.41   15.17 v _13752_/X (sky130_fd_sc_hd__a21bo_1)
                                         _04898_ (net)
                  0.09    0.00   15.17 v _13770_/A2 (sky130_fd_sc_hd__a21o_1)
     2    0.01    0.08    0.37   15.54 v _13770_/X (sky130_fd_sc_hd__a21o_1)
                                         _04916_ (net)
                  0.08    0.00   15.54 v _13809_/A2 (sky130_fd_sc_hd__a21o_1)
     3    0.01    0.13    0.41   15.95 v _13809_/X (sky130_fd_sc_hd__a21o_1)
                                         _04955_ (net)
                  0.13    0.00   15.95 v _13898_/B1_N (sky130_fd_sc_hd__a21bo_1)
     2    0.01    0.14    0.45   16.39 ^ _13898_/X (sky130_fd_sc_hd__a21bo_1)
                                         _05044_ (net)
                  0.14    0.00   16.39 ^ _13956_/B1 (sky130_fd_sc_hd__a21o_1)
     2    0.02    0.29    0.36   16.75 ^ _13956_/X (sky130_fd_sc_hd__a21o_1)
                                         _05102_ (net)
                  0.29    0.00   16.75 ^ _13957_/C (sky130_fd_sc_hd__nand3_1)
     4    0.01    0.36    0.43   17.18 v _13957_/Y (sky130_fd_sc_hd__nand3_1)
                                         _05103_ (net)
                  0.36    0.00   17.18 v _13960_/A1 (sky130_fd_sc_hd__a21o_1)
     2    0.01    0.08    0.45   17.63 v _13960_/X (sky130_fd_sc_hd__a21o_1)
                                         _05106_ (net)
                  0.08    0.00   17.63 v _13965_/B (sky130_fd_sc_hd__and3_1)
     3    0.01    0.12    0.40   18.03 v _13965_/X (sky130_fd_sc_hd__and3_1)
                                         _05111_ (net)
                  0.12    0.00   18.03 v _13968_/A (sky130_fd_sc_hd__or3_2)
     5    0.02    0.26    1.35   19.38 v _13968_/X (sky130_fd_sc_hd__or3_2)
                                         _05114_ (net)
                  0.26    0.00   19.38 v _14033_/A (sky130_fd_sc_hd__nand3_1)
     2    0.01    0.18    0.26   19.64 ^ _14033_/Y (sky130_fd_sc_hd__nand3_1)
                                         _05179_ (net)
                  0.18    0.00   19.64 ^ _14087_/A2 (sky130_fd_sc_hd__a211oi_2)
     3    0.01    0.16    0.24   19.88 v _14087_/Y (sky130_fd_sc_hd__a211oi_2)
                                         _05233_ (net)
                  0.16    0.00   19.88 v _14099_/A (sky130_fd_sc_hd__or3_1)
     3    0.01    0.22    1.04   20.92 v _14099_/X (sky130_fd_sc_hd__or3_1)
                                         _05245_ (net)
                  0.22    0.00   20.92 v _14103_/A1 (sky130_fd_sc_hd__a21o_1)
     2    0.01    0.09    0.40   21.32 v _14103_/X (sky130_fd_sc_hd__a21o_1)
                                         _05249_ (net)
                  0.09    0.00   21.32 v _14115_/A2 (sky130_fd_sc_hd__a21o_1)
     2    0.01    0.08    0.36   21.68 v _14115_/X (sky130_fd_sc_hd__a21o_1)
                                         _05261_ (net)
                  0.08    0.00   21.68 v _14116_/C (sky130_fd_sc_hd__and3_1)
     2    0.01    0.09    0.41   22.09 v _14116_/X (sky130_fd_sc_hd__and3_1)
                                         _05262_ (net)
                  0.09    0.00   22.09 v _14118_/A (sky130_fd_sc_hd__nor2_1)
     2    0.01    0.27    0.30   22.39 ^ _14118_/Y (sky130_fd_sc_hd__nor2_1)
                                         _05264_ (net)
                  0.27    0.00   22.39 ^ _14119_/B (sky130_fd_sc_hd__xnor2_1)
     2    0.01    0.23    0.31   22.70 v _14119_/Y (sky130_fd_sc_hd__xnor2_1)
                                         _05265_ (net)
                  0.23    0.00   22.70 v _14121_/A (sky130_fd_sc_hd__or2b_2)
     2    0.02    0.19    0.89   23.59 v _14121_/X (sky130_fd_sc_hd__or2b_2)
                                         _05267_ (net)
                  0.19    0.00   23.59 v _14190_/A (sky130_fd_sc_hd__xor2_2)
     2    0.01    0.19    0.42   24.01 v _14190_/X (sky130_fd_sc_hd__xor2_2)
                                         _05336_ (net)
                  0.19    0.00   24.01 v _14194_/A (sky130_fd_sc_hd__or2b_1)
     1    0.01    0.12    0.59   24.61 v _14194_/X (sky130_fd_sc_hd__or2b_1)
                                         _05340_ (net)
                  0.12    0.00   24.61 v _14195_/B1 (sky130_fd_sc_hd__a21o_1)
     2    0.01    0.08    0.33   24.94 v _14195_/X (sky130_fd_sc_hd__a21o_1)
                                         _05341_ (net)
                  0.08    0.00   24.94 v _14342_/A1 (sky130_fd_sc_hd__a211o_2)
     3    0.02    0.17    0.71   25.65 v _14342_/X (sky130_fd_sc_hd__a211o_2)
                                         _05488_ (net)
                  0.17    0.00   25.65 v _14532_/A1 (sky130_fd_sc_hd__a211oi_4)
     6    0.02    0.54    0.63   26.29 ^ _14532_/Y (sky130_fd_sc_hd__a211oi_4)
                                         _05678_ (net)
                  0.54    0.00   26.29 ^ _14544_/A (sky130_fd_sc_hd__nor4_1)
     2    0.01    0.16    0.33   26.62 v _14544_/Y (sky130_fd_sc_hd__nor4_1)
                                         _05690_ (net)
                  0.16    0.00   26.62 v _14551_/A (sky130_fd_sc_hd__or4_2)
     4    0.02    0.34    1.90   28.52 v _14551_/X (sky130_fd_sc_hd__or4_2)
                                         _05697_ (net)
                  0.34    0.00   28.52 v _14552_/C1 (sky130_fd_sc_hd__a311o_1)
     2    0.00    0.11    0.66   29.18 v _14552_/X (sky130_fd_sc_hd__a311o_1)
                                         _05698_ (net)
                  0.11    0.00   29.18 v _14566_/A (sky130_fd_sc_hd__or4_1)
     1    0.00    0.19    1.30   30.49 v _14566_/X (sky130_fd_sc_hd__or4_1)
                                         _05712_ (net)
                  0.19    0.00   30.49 v _14567_/A (sky130_fd_sc_hd__clkbuf_2)
     7    0.02    0.18    0.36   30.85 v _14567_/X (sky130_fd_sc_hd__clkbuf_2)
                                         _05713_ (net)
                  0.18    0.00   30.85 v _14585_/A1 (sky130_fd_sc_hd__a2111oi_1)
     1    0.00    0.59    0.71   31.56 ^ _14585_/Y (sky130_fd_sc_hd__a2111oi_1)
                                         _05731_ (net)
                  0.59    0.00   31.56 ^ wire6/A (sky130_fd_sc_hd__clkbuf_1)
     2    0.01    0.12    0.37   31.93 ^ wire6/X (sky130_fd_sc_hd__clkbuf_1)
                                         net257 (net)
                  0.12    0.00   31.93 ^ max_cap45/A (sky130_fd_sc_hd__buf_1)
     1    0.01    0.18    0.26   32.19 ^ max_cap45/X (sky130_fd_sc_hd__buf_1)
                                         net45 (net)
                  0.18    0.00   32.19 ^ _14586_/B (sky130_fd_sc_hd__xor2_2)
     4    0.02    0.22    0.26   32.46 v _14586_/X (sky130_fd_sc_hd__xor2_2)
                                         _05732_ (net)
                  0.22    0.00   32.46 v _14590_/B (sky130_fd_sc_hd__nor3_1)
     3    0.01    0.53    0.58   33.03 ^ _14590_/Y (sky130_fd_sc_hd__nor3_1)
                                         _05736_ (net)
                  0.53    0.00   33.04 ^ _14594_/A2 (sky130_fd_sc_hd__a21o_1)
     3    0.01    0.15    0.46   33.50 ^ _14594_/X (sky130_fd_sc_hd__a21o_1)
                                         _05740_ (net)
                  0.15    0.00   33.50 ^ _14601_/A1 (sky130_fd_sc_hd__a21o_1)
     6    0.02    0.26    0.40   33.90 ^ _14601_/X (sky130_fd_sc_hd__a21o_1)
                                         _05747_ (net)
                  0.26    0.00   33.90 ^ _14602_/A (sky130_fd_sc_hd__buf_4)
    10    0.07    0.31    0.49   34.39 ^ _14602_/X (sky130_fd_sc_hd__buf_4)
                                         _05748_ (net)
                  0.31    0.00   34.39 ^ _14610_/C (sky130_fd_sc_hd__nand3_1)
     2    0.00    0.20    0.29   34.68 v _14610_/Y (sky130_fd_sc_hd__nand3_1)
                                         _05756_ (net)
                  0.20    0.00   34.68 v _14615_/A1 (sky130_fd_sc_hd__a2111o_1)
     4    0.01    0.21    0.92   35.60 v _14615_/X (sky130_fd_sc_hd__a2111o_1)
                                         _05761_ (net)
                  0.21    0.00   35.60 v _14621_/A1 (sky130_fd_sc_hd__a211o_1)
     2    0.00    0.10    0.59   36.19 v _14621_/X (sky130_fd_sc_hd__a211o_1)
                                         _05767_ (net)
                  0.10    0.00   36.19 v _14634_/A2 (sky130_fd_sc_hd__o31a_1)
     3    0.01    0.15    0.64   36.83 v _14634_/X (sky130_fd_sc_hd__o31a_1)
                                         _05780_ (net)
                  0.15    0.00   36.83 v _14640_/A1 (sky130_fd_sc_hd__o31a_2)
     8    0.03    0.21    0.88   37.71 v _14640_/X (sky130_fd_sc_hd__o31a_2)
                                         _05786_ (net)
                  0.21    0.00   37.71 v _14652_/C (sky130_fd_sc_hd__or3_1)
     2    0.01    0.17    0.86   38.57 v _14652_/X (sky130_fd_sc_hd__or3_1)
                                         _05798_ (net)
                  0.17    0.00   38.57 v _14654_/A (sky130_fd_sc_hd__and2_1)
     5    0.02    0.17    0.44   39.02 v _14654_/X (sky130_fd_sc_hd__and2_1)
                                         _05800_ (net)
                  0.17    0.00   39.02 v _14662_/A2 (sky130_fd_sc_hd__a31oi_1)
     2    0.01    0.29    0.40   39.41 ^ _14662_/Y (sky130_fd_sc_hd__a31oi_1)
                                         _05808_ (net)
                  0.29    0.00   39.41 ^ _14673_/A1 (sky130_fd_sc_hd__a21o_1)
     4    0.01    0.19    0.41   39.82 ^ _14673_/X (sky130_fd_sc_hd__a21o_1)
                                         _05819_ (net)
                  0.19    0.00   39.82 ^ _14675_/A2 (sky130_fd_sc_hd__a21oi_1)
     2    0.01    0.16    0.22   40.04 v _14675_/Y (sky130_fd_sc_hd__a21oi_1)
                                         _05821_ (net)
                  0.16    0.00   40.04 v _14696_/C (sky130_fd_sc_hd__or4b_1)
     1    0.00    0.19    1.20   41.24 v _14696_/X (sky130_fd_sc_hd__or4b_1)
                                         _05842_ (net)
                  0.19    0.00   41.24 v _14697_/S (sky130_fd_sc_hd__mux2_1)
     4    0.02    0.22    0.93   42.17 v _14697_/X (sky130_fd_sc_hd__mux2_1)
                                         _05843_ (net)
                  0.22    0.00   42.17 v _14700_/B1 (sky130_fd_sc_hd__a311o_1)
     3    0.01    0.13    0.73   42.90 v _14700_/X (sky130_fd_sc_hd__a311o_1)
                                         _05846_ (net)
                  0.13    0.00   42.90 v _14705_/A2 (sky130_fd_sc_hd__a21o_2)
     8    0.03    0.18    0.56   43.46 v _14705_/X (sky130_fd_sc_hd__a21o_2)
                                         _05851_ (net)
                  0.18    0.00   43.46 v _14714_/A1 (sky130_fd_sc_hd__a21oi_2)
     3    0.01    0.29    0.38   43.84 ^ _14714_/Y (sky130_fd_sc_hd__a21oi_2)
                                         _05860_ (net)
                  0.29    0.00   43.84 ^ _14717_/A (sky130_fd_sc_hd__nor2_1)
     3    0.01    0.14    0.25   44.09 v _14717_/Y (sky130_fd_sc_hd__nor2_1)
                                         _05863_ (net)
                  0.14    0.00   44.09 v _14738_/A1 (sky130_fd_sc_hd__a2111o_1)
     5    0.01    0.21    0.90   44.99 v _14738_/X (sky130_fd_sc_hd__a2111o_1)
                                         _05884_ (net)
                  0.21    0.00   44.99 v _14749_/A3 (sky130_fd_sc_hd__a41o_1)
     3    0.01    0.12    0.54   45.53 v _14749_/X (sky130_fd_sc_hd__a41o_1)
                                         _05895_ (net)
                  0.12    0.00   45.53 v _14752_/A2 (sky130_fd_sc_hd__a21o_1)
     6    0.02    0.16    0.46   45.98 v _14752_/X (sky130_fd_sc_hd__a21o_1)
                                         _05898_ (net)
                  0.16    0.00   45.99 v _14753_/C (sky130_fd_sc_hd__and3_1)
     2    0.01    0.11    0.47   46.46 v _14753_/X (sky130_fd_sc_hd__and3_1)
                                         _05899_ (net)
                  0.11    0.00   46.46 v _14759_/A (sky130_fd_sc_hd__nor2_1)
     4    0.02    0.47    0.46   46.91 ^ _14759_/Y (sky130_fd_sc_hd__nor2_1)
                                         _05905_ (net)
                  0.47    0.00   46.92 ^ _14762_/C_N (sky130_fd_sc_hd__or4bb_4)
     6    0.02    0.22    1.36   48.27 v _14762_/X (sky130_fd_sc_hd__or4bb_4)
                                         _05908_ (net)
                  0.22    0.00   48.27 v _14785_/A1 (sky130_fd_sc_hd__a41o_4)
     9    0.05    0.16    0.58   48.85 v _14785_/X (sky130_fd_sc_hd__a41o_4)
                                         _05931_ (net)
                  0.16    0.00   48.86 v _14798_/C (sky130_fd_sc_hd__and3_1)
     4    0.01    0.15    0.51   49.36 v _14798_/X (sky130_fd_sc_hd__and3_1)
                                         _05944_ (net)
                  0.15    0.00   49.36 v _14803_/A (sky130_fd_sc_hd__or4_1)
     3    0.01    0.28    1.45   50.82 v _14803_/X (sky130_fd_sc_hd__or4_1)
                                         _05949_ (net)
                  0.28    0.00   50.82 v _14807_/C1 (sky130_fd_sc_hd__a2111o_1)
     4    0.01    0.20    0.89   51.71 v _14807_/X (sky130_fd_sc_hd__a2111o_1)
                                         _05953_ (net)
                  0.20    0.00   51.71 v _14813_/A1 (sky130_fd_sc_hd__a21o_2)
     6    0.02    0.14    0.52   52.23 v _14813_/X (sky130_fd_sc_hd__a21o_2)
                                         _05959_ (net)
                  0.14    0.00   52.23 v _14823_/A1 (sky130_fd_sc_hd__a21bo_1)
     3    0.01    0.12    0.41   52.64 v _14823_/X (sky130_fd_sc_hd__a21bo_1)
                                         _05969_ (net)
                  0.12    0.00   52.64 v _14827_/A2 (sky130_fd_sc_hd__a21bo_1)
     1    0.00    0.08    0.39   53.04 v _14827_/X (sky130_fd_sc_hd__a21bo_1)
                                         _05973_ (net)
                  0.08    0.00   53.04 v _14828_/B (sky130_fd_sc_hd__xor2_1)
     4    0.01    0.51    0.48   53.52 ^ _14828_/X (sky130_fd_sc_hd__xor2_1)
                                         _05974_ (net)
                  0.51    0.00   53.52 ^ _14840_/A2 (sky130_fd_sc_hd__a311o_1)
     1    0.00    0.09    0.51   54.03 ^ _14840_/X (sky130_fd_sc_hd__a311o_1)
                                         _05986_ (net)
                  0.09    0.00   54.03 ^ _14848_/A1 (sky130_fd_sc_hd__a21o_1)
     3    0.01    0.21    0.34   54.37 ^ _14848_/X (sky130_fd_sc_hd__a21o_1)
                                         _05994_ (net)
                  0.21    0.00   54.37 ^ _14851_/A (sky130_fd_sc_hd__clkbuf_4)
    10    0.05    0.26    0.47   54.84 ^ _14851_/X (sky130_fd_sc_hd__clkbuf_4)
                                         _05997_ (net)
                  0.26    0.00   54.85 ^ _14866_/A2 (sky130_fd_sc_hd__a21oi_1)
     2    0.00    0.14    0.23   55.08 v _14866_/Y (sky130_fd_sc_hd__a21oi_1)
                                         _06012_ (net)
                  0.14    0.00   55.08 v _14867_/B (sky130_fd_sc_hd__or4bb_1)
     2    0.01    0.23    1.27   56.35 v _14867_/X (sky130_fd_sc_hd__or4bb_1)
                                         _06013_ (net)
                  0.23    0.00   56.35 v _14868_/C1 (sky130_fd_sc_hd__a221o_1)
     2    0.01    0.12    0.61   56.96 v _14868_/X (sky130_fd_sc_hd__a221o_1)
                                         _06014_ (net)
                  0.12    0.00   56.96 v _14878_/A1 (sky130_fd_sc_hd__a21o_1)
     7    0.02    0.18    0.45   57.41 v _14878_/X (sky130_fd_sc_hd__a21o_1)
                                         _06024_ (net)
                  0.18    0.00   57.41 v _14905_/A (sky130_fd_sc_hd__and2_1)
     1    0.00    0.07    0.35   57.76 v _14905_/X (sky130_fd_sc_hd__and2_1)
                                         _06051_ (net)
                  0.07    0.00   57.76 v _14906_/A (sky130_fd_sc_hd__clkbuf_4)
     8    0.04    0.16    0.36   58.12 v _14906_/X (sky130_fd_sc_hd__clkbuf_4)
                                         _06052_ (net)
                  0.16    0.00   58.12 v _14912_/D (sky130_fd_sc_hd__or4_1)
     2    0.01    0.23    1.12   59.24 v _14912_/X (sky130_fd_sc_hd__or4_1)
                                         _06058_ (net)
                  0.23    0.00   59.24 v _14919_/A (sky130_fd_sc_hd__xnor2_1)
     3    0.01    0.45    0.54   59.78 ^ _14919_/Y (sky130_fd_sc_hd__xnor2_1)
                                         _06065_ (net)
                  0.45    0.00   59.78 ^ _14920_/B1 (sky130_fd_sc_hd__a41o_1)
     3    0.01    0.19    0.38   60.16 ^ _14920_/X (sky130_fd_sc_hd__a41o_1)
                                         _06066_ (net)
                  0.19    0.00   60.16 ^ _14928_/A1 (sky130_fd_sc_hd__a21oi_2)
     2    0.01    0.13    0.21   60.37 v _14928_/Y (sky130_fd_sc_hd__a21oi_2)
                                         _06074_ (net)
                  0.13    0.00   60.37 v _14929_/A (sky130_fd_sc_hd__clkbuf_4)
    10    0.05    0.18    0.41   60.78 v _14929_/X (sky130_fd_sc_hd__clkbuf_4)
                                         _06075_ (net)
                  0.18    0.00   60.78 v _14939_/B (sky130_fd_sc_hd__or3b_1)
     2    0.00    0.15    0.90   61.68 v _14939_/X (sky130_fd_sc_hd__or3b_1)
                                         _06085_ (net)
                  0.15    0.00   61.68 v _14944_/B2 (sky130_fd_sc_hd__a2bb2o_1)
     3    0.01    0.20    0.73   62.41 v _14944_/X (sky130_fd_sc_hd__a2bb2o_1)
                                         _06090_ (net)
                  0.20    0.00   62.41 v _14952_/A3 (sky130_fd_sc_hd__o311ai_4)
     5    0.01    0.45    0.52   62.93 ^ _14952_/Y (sky130_fd_sc_hd__o311ai_4)
                                         _06098_ (net)
                  0.45    0.00   62.93 ^ _14960_/A1 (sky130_fd_sc_hd__a21o_1)
     4    0.02    0.25    0.51   63.44 ^ _14960_/X (sky130_fd_sc_hd__a21o_1)
                                         _06106_ (net)
                  0.25    0.00   63.44 ^ _14963_/A (sky130_fd_sc_hd__nand2_2)
     6    0.03    0.27    0.33   63.77 v _14963_/Y (sky130_fd_sc_hd__nand2_2)
                                         _06109_ (net)
                  0.27    0.00   63.77 v _14965_/A2 (sky130_fd_sc_hd__a22o_1)
     4    0.02    0.17    0.63   64.41 v _14965_/X (sky130_fd_sc_hd__a22o_1)
                                         _06111_ (net)
                  0.17    0.00   64.41 v _14980_/C1 (sky130_fd_sc_hd__a2111o_1)
     4    0.01    0.21    0.86   65.27 v _14980_/X (sky130_fd_sc_hd__a2111o_1)
                                         _06126_ (net)
                  0.21    0.00   65.27 v _14995_/A3 (sky130_fd_sc_hd__a41o_1)
     4    0.02    0.18    0.61   65.88 v _14995_/X (sky130_fd_sc_hd__a41o_1)
                                         _06141_ (net)
                  0.18    0.00   65.88 v _15004_/A1 (sky130_fd_sc_hd__a21o_2)
     8    0.03    0.16    0.53   66.41 v _15004_/X (sky130_fd_sc_hd__a21o_2)
                                         _06150_ (net)
                  0.16    0.00   66.41 v _15017_/C (sky130_fd_sc_hd__and3_1)
     3    0.01    0.10    0.46   66.87 v _15017_/X (sky130_fd_sc_hd__and3_1)
                                         _06163_ (net)
                  0.10    0.00   66.87 v _15019_/B (sky130_fd_sc_hd__or3_1)
     4    0.01    0.25    1.01   67.88 v _15019_/X (sky130_fd_sc_hd__or3_1)
                                         _06165_ (net)
                  0.25    0.00   67.88 v _15020_/C1 (sky130_fd_sc_hd__a2111o_1)
     3    0.01    0.16    0.84   68.72 v _15020_/X (sky130_fd_sc_hd__a2111o_1)
                                         _06166_ (net)
                  0.16    0.00   68.72 v _15027_/A1 (sky130_fd_sc_hd__a21o_2)
     8    0.03    0.16    0.52   69.24 v _15027_/X (sky130_fd_sc_hd__a21o_2)
                                         _06173_ (net)
                  0.16    0.00   69.24 v _15046_/A1 (sky130_fd_sc_hd__a2111o_1)
     2    0.01    0.15    0.84   70.08 v _15046_/X (sky130_fd_sc_hd__a2111o_1)
                                         _06192_ (net)
                  0.15    0.00   70.08 v _15050_/A (sky130_fd_sc_hd__xor2_1)
     3    0.01    0.23    0.41   70.50 v _15050_/X (sky130_fd_sc_hd__xor2_1)
                                         _06196_ (net)
                  0.23    0.00   70.50 v _15051_/A2 (sky130_fd_sc_hd__a211oi_1)
     1    0.00    0.33    0.49   70.99 ^ _15051_/Y (sky130_fd_sc_hd__a211oi_1)
                                         _06197_ (net)
                  0.33    0.00   70.99 ^ _15061_/A2 (sky130_fd_sc_hd__a41o_1)
     2    0.01    0.19    0.55   71.54 ^ _15061_/X (sky130_fd_sc_hd__a41o_1)
                                         _06207_ (net)
                  0.19    0.00   71.54 ^ _15069_/A1 (sky130_fd_sc_hd__a21oi_2)
     6    0.02    0.15    0.22   71.77 v _15069_/Y (sky130_fd_sc_hd__a21oi_2)
                                         _06215_ (net)
                  0.15    0.00   71.77 v _15094_/B (sky130_fd_sc_hd__or3_1)
     3    0.01    0.18    0.93   72.70 v _15094_/X (sky130_fd_sc_hd__or3_1)
                                         _06240_ (net)
                  0.18    0.00   72.70 v _15095_/B (sky130_fd_sc_hd__or2_1)
     1    0.00    0.10    0.52   73.22 v _15095_/X (sky130_fd_sc_hd__or2_1)
                                         _06241_ (net)
                  0.10    0.00   73.22 v _15100_/B1 (sky130_fd_sc_hd__a2bb2o_1)
     4    0.01    0.19    0.73   73.95 v _15100_/X (sky130_fd_sc_hd__a2bb2o_1)
                                         _06246_ (net)
                  0.19    0.00   73.95 v _15115_/A2 (sky130_fd_sc_hd__a21o_1)
     6    0.02    0.20    0.53   74.48 v _15115_/X (sky130_fd_sc_hd__a21o_1)
                                         _06261_ (net)
                  0.20    0.00   74.48 v _15127_/A1 (sky130_fd_sc_hd__a211o_1)
     2    0.01    0.12    0.60   75.08 v _15127_/X (sky130_fd_sc_hd__a211o_1)
                                         _06273_ (net)
                  0.12    0.00   75.08 v _15134_/S (sky130_fd_sc_hd__mux2_1)
     3    0.01    0.19    0.85   75.94 v _15134_/X (sky130_fd_sc_hd__mux2_1)
                                         _06280_ (net)
                  0.19    0.00   75.94 v _15135_/C (sky130_fd_sc_hd__and3_1)
     2    0.01    0.10    0.48   76.41 v _15135_/X (sky130_fd_sc_hd__and3_1)
                                         _06281_ (net)
                  0.10    0.00   76.41 v _15139_/A3 (sky130_fd_sc_hd__a31o_1)
     2    0.01    0.11    0.47   76.88 v _15139_/X (sky130_fd_sc_hd__a31o_1)
                                         _06285_ (net)
                  0.11    0.00   76.88 v _15150_/A1 (sky130_fd_sc_hd__a21o_1)
     2    0.01    0.08    0.34   77.22 v _15150_/X (sky130_fd_sc_hd__a21o_1)
                                         _06296_ (net)
                  0.08    0.00   77.22 v _15151_/C (sky130_fd_sc_hd__and3_1)
     6    0.02    0.18    0.50   77.72 v _15151_/X (sky130_fd_sc_hd__and3_1)
                                         _06297_ (net)
                  0.18    0.00   77.72 v _15174_/A (sky130_fd_sc_hd__or4_1)
     3    0.01    0.26    1.43   79.15 v _15174_/X (sky130_fd_sc_hd__or4_1)
                                         _06320_ (net)
                  0.26    0.00   79.15 v _15178_/B1 (sky130_fd_sc_hd__a2111o_1)
     1    0.00    0.10    0.83   79.98 v _15178_/X (sky130_fd_sc_hd__a2111o_1)
                                         _06324_ (net)
                  0.10    0.00   79.98 v _15182_/A2 (sky130_fd_sc_hd__a21o_2)
    10    0.03    0.18    0.55   80.53 v _15182_/X (sky130_fd_sc_hd__a21o_2)
                                         _06328_ (net)
                  0.18    0.00   80.53 v _15188_/A1_N (sky130_fd_sc_hd__o2bb2a_1)
     2    0.01    0.19    0.63   81.17 ^ _15188_/X (sky130_fd_sc_hd__o2bb2a_1)
                                         _06334_ (net)
                  0.19    0.00   81.17 ^ _15189_/B (sky130_fd_sc_hd__xor2_1)
     3    0.01    0.19    0.26   81.43 v _15189_/X (sky130_fd_sc_hd__xor2_1)
                                         _06335_ (net)
                  0.19    0.00   81.43 v _15199_/A (sky130_fd_sc_hd__or4b_1)
     3    0.01    0.27    1.46   82.88 v _15199_/X (sky130_fd_sc_hd__or4b_1)
                                         _06345_ (net)
                  0.27    0.00   82.88 v _15226_/A1 (sky130_fd_sc_hd__o32a_2)
     5    0.02    0.20    0.97   83.85 v _15226_/X (sky130_fd_sc_hd__o32a_2)
                                         _06372_ (net)
                  0.20    0.00   83.85 v _15248_/A2 (sky130_fd_sc_hd__a211o_1)
     1    0.00    0.10    0.63   84.48 v _15248_/X (sky130_fd_sc_hd__a211o_1)
                                         _06394_ (net)
                  0.10    0.00   84.48 v _15256_/A2 (sky130_fd_sc_hd__a221o_2)
     7    0.02    0.18    0.89   85.37 v _15256_/X (sky130_fd_sc_hd__a221o_2)
                                         _06402_ (net)
                  0.18    0.00   85.37 v _15262_/A3 (sky130_fd_sc_hd__o31a_2)
     2    0.02    0.17    0.74   86.11 v _15262_/X (sky130_fd_sc_hd__o31a_2)
                                         _06408_ (net)
                  0.17    0.00   86.11 v _15388_/B (sky130_fd_sc_hd__or3b_2)
     5    0.02    0.26    1.30   87.42 v _15388_/X (sky130_fd_sc_hd__or3b_2)
                                         _06534_ (net)
                  0.26    0.00   87.42 v _15485_/C (sky130_fd_sc_hd__and4_1)
     2    0.00    0.09    0.52   87.94 v _15485_/X (sky130_fd_sc_hd__and4_1)
                                         _06631_ (net)
                  0.09    0.00   87.94 v _15491_/B (sky130_fd_sc_hd__or3_1)
     4    0.01    0.20    0.94   88.88 v _15491_/X (sky130_fd_sc_hd__or3_1)
                                         _06637_ (net)
                  0.20    0.00   88.88 v _15808_/A (sky130_fd_sc_hd__and3_1)
     3    0.01    0.15    0.45   89.33 v _15808_/X (sky130_fd_sc_hd__and3_1)
                                         _06954_ (net)
                  0.15    0.00   89.33 v _15810_/B (sky130_fd_sc_hd__or3_2)
     5    0.02    0.27    1.32   90.65 v _15810_/X (sky130_fd_sc_hd__or3_2)
                                         _06956_ (net)
                  0.27    0.00   90.65 v _15839_/A1 (sky130_fd_sc_hd__a21o_1)
     2    0.00    0.08    0.41   91.06 v _15839_/X (sky130_fd_sc_hd__a21o_1)
                                         _06985_ (net)
                  0.08    0.00   91.06 v _15842_/B (sky130_fd_sc_hd__and3_1)
     3    0.01    0.12    0.41   91.47 v _15842_/X (sky130_fd_sc_hd__and3_1)
                                         _06988_ (net)
                  0.12    0.00   91.47 v _15861_/A (sky130_fd_sc_hd__or3_1)
     3    0.01    0.22    1.02   92.49 v _15861_/X (sky130_fd_sc_hd__or3_1)
                                         _07007_ (net)
                  0.22    0.00   92.49 v _15878_/A1 (sky130_fd_sc_hd__a21o_1)
     3    0.01    0.10    0.41   92.90 v _15878_/X (sky130_fd_sc_hd__a21o_1)
                                         _07024_ (net)
                  0.10    0.00   92.90 v _15879_/C (sky130_fd_sc_hd__and3_2)
     3    0.02    0.16    0.58   93.49 v _15879_/X (sky130_fd_sc_hd__and3_2)
                                         _07025_ (net)
                  0.16    0.00   93.49 v _15898_/A (sky130_fd_sc_hd__or3b_1)
     3    0.01    0.22    1.05   94.53 v _15898_/X (sky130_fd_sc_hd__or3b_1)
                                         _07044_ (net)
                  0.22    0.00   94.53 v _15899_/B1_N (sky130_fd_sc_hd__a21boi_2)
     2    0.02    0.17    0.47   95.00 v _15899_/Y (sky130_fd_sc_hd__a21boi_2)
                                         _07045_ (net)
                  0.17    0.00   95.01 v _15900_/B (sky130_fd_sc_hd__or2_1)
     3    0.01    0.15    0.59   95.60 v _15900_/X (sky130_fd_sc_hd__or2_1)
                                         _07046_ (net)
                  0.15    0.00   95.60 v _15905_/A2 (sky130_fd_sc_hd__o31a_1)
     2    0.01    0.13    0.64   96.24 v _15905_/X (sky130_fd_sc_hd__o31a_1)
                                         _07051_ (net)
                  0.13    0.00   96.24 v _15907_/A2 (sky130_fd_sc_hd__o21ai_1)
     2    0.01    0.33    0.36   96.60 ^ _15907_/Y (sky130_fd_sc_hd__o21ai_1)
                                         _07053_ (net)
                  0.33    0.00   96.60 ^ _16102_/A (sky130_fd_sc_hd__xor2_1)
     2    0.01    0.38    0.50   97.09 ^ _16102_/X (sky130_fd_sc_hd__xor2_1)
                                         _07248_ (net)
                  0.38    0.00   97.09 ^ _16103_/B (sky130_fd_sc_hd__nor2_1)
     2    0.01    0.11    0.21   97.31 v _16103_/Y (sky130_fd_sc_hd__nor2_1)
                                         _07249_ (net)
                  0.11    0.00   97.31 v _16139_/A1 (sky130_fd_sc_hd__o311a_1)
     2    0.01    0.12    0.73   98.04 v _16139_/X (sky130_fd_sc_hd__o311a_1)
                                         _07285_ (net)
                  0.12    0.00   98.04 v _16140_/B (sky130_fd_sc_hd__or2_1)
     3    0.01    0.18    0.60   98.64 v _16140_/X (sky130_fd_sc_hd__or2_1)
                                         _07286_ (net)
                  0.18    0.00   98.64 v _16145_/A1 (sky130_fd_sc_hd__o211a_1)
     2    0.00    0.08    0.48   99.11 v _16145_/X (sky130_fd_sc_hd__o211a_1)
                                         _07291_ (net)
                  0.08    0.00   99.11 v _16147_/A (sky130_fd_sc_hd__or2b_1)
     3    0.01    0.15    0.59   99.70 v _16147_/X (sky130_fd_sc_hd__or2b_1)
                                         _07293_ (net)
                  0.15    0.00   99.70 v _16149_/A2 (sky130_fd_sc_hd__a21oi_1)
     1    0.00    0.17    0.28   99.98 ^ _16149_/Y (sky130_fd_sc_hd__a21oi_1)
                                         _07295_ (net)
                  0.17    0.00   99.98 ^ _16150_/B (sky130_fd_sc_hd__or2_1)
     3    0.01    0.14    0.27  100.25 ^ _16150_/X (sky130_fd_sc_hd__or2_1)
                                         _07296_ (net)
                  0.14    0.00  100.25 ^ _16156_/A1 (sky130_fd_sc_hd__a31o_2)
     2    0.02    0.21    0.47  100.72 ^ _16156_/X (sky130_fd_sc_hd__a31o_2)
                                         _07302_ (net)
                  0.21    0.00  100.72 ^ _16158_/A2 (sky130_fd_sc_hd__a21o_1)
     2    0.01    0.19    0.39  101.11 ^ _16158_/X (sky130_fd_sc_hd__a21o_1)
                                         _07304_ (net)
                  0.19    0.00  101.11 ^ _16160_/A2 (sky130_fd_sc_hd__a21oi_1)
     3    0.01    0.23    0.31  101.41 v _16160_/Y (sky130_fd_sc_hd__a21oi_1)
                                         _07306_ (net)
                  0.23    0.00  101.41 v _16162_/A3 (sky130_fd_sc_hd__o31a_1)
     3    0.01    0.16    0.63  102.04 v _16162_/X (sky130_fd_sc_hd__o31a_1)
                                         _07308_ (net)
                  0.16    0.00  102.04 v _16164_/A3 (sky130_fd_sc_hd__o31a_2)
     4    0.02    0.16    0.72  102.76 v _16164_/X (sky130_fd_sc_hd__o31a_2)
                                         _07310_ (net)
                  0.16    0.00  102.76 v _16301_/A (sky130_fd_sc_hd__or4_1)
     3    0.01    0.24    1.40  104.16 v _16301_/X (sky130_fd_sc_hd__or4_1)
                                         _07447_ (net)
                  0.24    0.00  104.16 v _16400_/A1 (sky130_fd_sc_hd__a2111oi_1)
     2    0.01    0.84    0.94  105.10 ^ _16400_/Y (sky130_fd_sc_hd__a2111oi_1)
                                         _07546_ (net)
                  0.84    0.00  105.10 ^ max_cap3/A (sky130_fd_sc_hd__clkbuf_1)
     1    0.00    0.10    0.39  105.50 ^ max_cap3/X (sky130_fd_sc_hd__clkbuf_1)
                                         net254 (net)
                  0.10    0.00  105.50 ^ _16421_/A1 (sky130_fd_sc_hd__o2111a_1)
     6    0.02    0.36    0.69  106.18 ^ _16421_/X (sky130_fd_sc_hd__o2111a_1)
                                         _07567_ (net)
                  0.36    0.00  106.19 ^ _16422_/B (sky130_fd_sc_hd__or2_1)
     1    0.01    0.14    0.35  106.53 ^ _16422_/X (sky130_fd_sc_hd__or2_1)
                                         _07568_ (net)
                  0.14    0.00  106.53 ^ _16423_/A (sky130_fd_sc_hd__buf_8)
    10    0.09    0.24    0.36  106.89 ^ _16423_/X (sky130_fd_sc_hd__buf_8)
                                         _07569_ (net)
                  0.24    0.00  106.89 ^ _16475_/A (sky130_fd_sc_hd__xor2_1)
     3    0.01    0.28    0.39  107.28 ^ _16475_/X (sky130_fd_sc_hd__xor2_1)
                                         _07621_ (net)
                  0.28    0.00  107.28 ^ _16532_/C_N (sky130_fd_sc_hd__or3b_1)
     1    0.00    0.13    0.88  108.16 v _16532_/X (sky130_fd_sc_hd__or3b_1)
                                         _07678_ (net)
                  0.13    0.00  108.16 v _16537_/A (sky130_fd_sc_hd__or4bb_1)
     2    0.01    0.22    1.30  109.46 v _16537_/X (sky130_fd_sc_hd__or4bb_1)
                                         _07683_ (net)
                  0.22    0.00  109.46 v _16546_/A2 (sky130_fd_sc_hd__o31ai_1)
     2    0.01    0.50    0.60  110.06 ^ _16546_/Y (sky130_fd_sc_hd__o31ai_1)
                                         _07692_ (net)
                  0.50    0.00  110.06 ^ _16558_/A (sky130_fd_sc_hd__buf_4)
    10    0.07    0.31    0.60  110.66 ^ _16558_/X (sky130_fd_sc_hd__buf_4)
                                         _07704_ (net)
                  0.31    0.00  110.66 ^ _16567_/A1 (sky130_fd_sc_hd__a21boi_4)
     3    0.02    0.15    0.24  110.91 v _16567_/Y (sky130_fd_sc_hd__a21boi_4)
                                         _07713_ (net)
                  0.15    0.00  110.91 v _16581_/B (sky130_fd_sc_hd__or4bb_1)
     1    0.00    0.16    1.15  112.06 v _16581_/X (sky130_fd_sc_hd__or4bb_1)
                                         _07727_ (net)
                  0.16    0.00  112.06 v _16582_/D (sky130_fd_sc_hd__and4_1)
     2    0.01    0.11    0.51  112.57 v _16582_/X (sky130_fd_sc_hd__and4_1)
                                         _07728_ (net)
                  0.11    0.00  112.57 v _16589_/A1 (sky130_fd_sc_hd__o21bai_1)
     3    0.01    0.39    0.43  113.00 ^ _16589_/Y (sky130_fd_sc_hd__o21bai_1)
                                         _07735_ (net)
                  0.39    0.00  113.00 ^ _16597_/A2 (sky130_fd_sc_hd__a211o_1)
     4    0.02    0.27    0.53  113.53 ^ _16597_/X (sky130_fd_sc_hd__a211o_1)
                                         _07743_ (net)
                  0.27    0.00  113.53 ^ _16603_/A1 (sky130_fd_sc_hd__a21o_1)
     5    0.02    0.26    0.45  113.97 ^ _16603_/X (sky130_fd_sc_hd__a21o_1)
                                         _07749_ (net)
                  0.26    0.00  113.97 ^ _16604_/D (sky130_fd_sc_hd__and4b_1)
     4    0.01    0.25    0.64  114.61 ^ _16604_/X (sky130_fd_sc_hd__and4b_1)
                                         _07750_ (net)
                  0.25    0.00  114.61 ^ _16608_/D_N (sky130_fd_sc_hd__or4b_1)
     3    0.01    0.26    1.27  115.89 v _16608_/X (sky130_fd_sc_hd__or4b_1)
                                         _07754_ (net)
                  0.26    0.00  115.89 v _16653_/A2 (sky130_fd_sc_hd__a21o_1)
     2    0.01    0.08    0.44  116.33 v _16653_/X (sky130_fd_sc_hd__a21o_1)
                                         _07799_ (net)
                  0.08    0.00  116.33 v _16663_/A1 (sky130_fd_sc_hd__o311a_2)
    10    0.03    0.22    0.96  117.29 v _16663_/X (sky130_fd_sc_hd__o311a_2)
                                         _07809_ (net)
                  0.22    0.00  117.29 v _16700_/C (sky130_fd_sc_hd__and3_1)
     1    0.00    0.07    0.45  117.74 v _16700_/X (sky130_fd_sc_hd__and3_1)
                                         _07846_ (net)
                  0.07    0.00  117.74 v _16701_/B (sky130_fd_sc_hd__or2_2)
     3    0.02    0.19    0.77  118.50 v _16701_/X (sky130_fd_sc_hd__or2_2)
                                         _07847_ (net)
                  0.19    0.00  118.50 v _16710_/A1 (sky130_fd_sc_hd__o2111a_1)
     3    0.01    0.16    0.59  119.10 v _16710_/X (sky130_fd_sc_hd__o2111a_1)
                                         _07856_ (net)
                  0.16    0.00  119.10 v _16712_/A2 (sky130_fd_sc_hd__a211o_1)
     3    0.01    0.17    0.70  119.80 v _16712_/X (sky130_fd_sc_hd__a211o_1)
                                         _07858_ (net)
                  0.17    0.00  119.80 v _16730_/A2 (sky130_fd_sc_hd__a31o_1)
     3    0.01    0.12    0.49  120.29 v _16730_/X (sky130_fd_sc_hd__a31o_1)
                                         _07876_ (net)
                  0.12    0.00  120.29 v _16731_/B (sky130_fd_sc_hd__and2_1)
     1    0.00    0.08    0.37  120.65 v _16731_/X (sky130_fd_sc_hd__and2_1)
                                         _07877_ (net)
                  0.08    0.00  120.65 v _16732_/A (sky130_fd_sc_hd__clkbuf_4)
    10    0.06    0.21    0.41  121.06 v _16732_/X (sky130_fd_sc_hd__clkbuf_4)
                                         _07878_ (net)
                  0.21    0.00  121.06 v _16765_/C (sky130_fd_sc_hd__or4b_1)
     3    0.01    0.25    1.32  122.39 v _16765_/X (sky130_fd_sc_hd__or4b_1)
                                         _07911_ (net)
                  0.25    0.00  122.39 v _16766_/B_N (sky130_fd_sc_hd__or2b_1)
     4    0.01    0.21    0.49  122.88 ^ _16766_/X (sky130_fd_sc_hd__or2b_1)
                                         _07912_ (net)
                  0.21    0.00  122.88 ^ _16774_/A_N (sky130_fd_sc_hd__and3b_1)
     1    0.00    0.08    0.43  123.31 v _16774_/X (sky130_fd_sc_hd__and3b_1)
                                         _07920_ (net)
                  0.08    0.00  123.31 v _16779_/A3 (sky130_fd_sc_hd__a31o_1)
     3    0.01    0.10    0.44  123.76 v _16779_/X (sky130_fd_sc_hd__a31o_1)
                                         _07925_ (net)
                  0.10    0.00  123.76 v _16786_/B (sky130_fd_sc_hd__and2_1)
     1    0.00    0.06    0.34  124.10 v _16786_/X (sky130_fd_sc_hd__and2_1)
                                         _07932_ (net)
                  0.06    0.00  124.10 v _16787_/A (sky130_fd_sc_hd__clkbuf_2)
     7    0.03    0.24    0.35  124.44 v _16787_/X (sky130_fd_sc_hd__clkbuf_2)
                                         _07933_ (net)
                  0.24    0.00  124.44 v _16788_/A3 (sky130_fd_sc_hd__o32a_1)
     2    0.01    0.22    0.77  125.21 v _16788_/X (sky130_fd_sc_hd__o32a_1)
                                         _07934_ (net)
                  0.22    0.00  125.22 v _16819_/B (sky130_fd_sc_hd__xnor2_1)
     3    0.01    0.20    0.37  125.59 v _16819_/Y (sky130_fd_sc_hd__xnor2_1)
                                         _07967_ (net)
                  0.20    0.00  125.59 v _16828_/A (sky130_fd_sc_hd__or4_2)
     3    0.02    0.32    1.87  127.46 v _16828_/X (sky130_fd_sc_hd__or4_2)
                                         _07977_ (net)
                  0.32    0.00  127.46 v _16832_/A4 (sky130_fd_sc_hd__a41oi_4)
     5    0.02    0.34    0.56  128.02 ^ _16832_/Y (sky130_fd_sc_hd__a41oi_4)
                                         _07981_ (net)
                  0.34    0.00  128.02 ^ _16833_/A (sky130_fd_sc_hd__clkbuf_4)
    10    0.05    0.24    0.52  128.54 ^ _16833_/X (sky130_fd_sc_hd__clkbuf_4)
                                         _07982_ (net)
                  0.24    0.00  128.54 ^ _16859_/A2 (sky130_fd_sc_hd__a21o_1)
     4    0.01    0.16    0.37  128.91 ^ _16859_/X (sky130_fd_sc_hd__a21o_1)
                                         _08010_ (net)
                  0.16    0.00  128.91 ^ _16860_/C1 (sky130_fd_sc_hd__o2111ai_1)
     2    0.01    0.29    0.35  129.26 v _16860_/Y (sky130_fd_sc_hd__o2111ai_1)
                                         _08011_ (net)
                  0.29    0.00  129.26 v _16870_/A2 (sky130_fd_sc_hd__o32a_1)
     3    0.02    0.23    0.89  130.15 v _16870_/X (sky130_fd_sc_hd__o32a_1)
                                         _08022_ (net)
                  0.23    0.00  130.15 v _16874_/B1 (sky130_fd_sc_hd__o2bb2a_1)
     4    0.01    0.19    0.83  130.98 v _16874_/X (sky130_fd_sc_hd__o2bb2a_1)
                                         _08026_ (net)
                  0.19    0.00  130.98 v _16888_/A1 (sky130_fd_sc_hd__o21bai_1)
     4    0.01    0.43    0.49  131.47 ^ _16888_/Y (sky130_fd_sc_hd__o21bai_1)
                                         _08042_ (net)
                  0.43    0.00  131.47 ^ _16893_/A (sky130_fd_sc_hd__clkbuf_4)
    10    0.04    0.21    0.54  132.01 ^ _16893_/X (sky130_fd_sc_hd__clkbuf_4)
                                         _08047_ (net)
                  0.21    0.00  132.01 ^ _16895_/A1 (sky130_fd_sc_hd__a21oi_1)
     3    0.01    0.19    0.27  132.29 v _16895_/Y (sky130_fd_sc_hd__a21oi_1)
                                         _08049_ (net)
                  0.19    0.00  132.29 v _16899_/A (sky130_fd_sc_hd__or3b_1)
     3    0.01    0.19    1.03  133.31 v _16899_/X (sky130_fd_sc_hd__or3b_1)
                                         _08054_ (net)
                  0.19    0.00  133.31 v _16943_/C (sky130_fd_sc_hd__and4_1)
     4    0.01    0.14    0.54  133.85 v _16943_/X (sky130_fd_sc_hd__and4_1)
                                         _08099_ (net)
                  0.14    0.00  133.85 v _16944_/D (sky130_fd_sc_hd__nor4_1)
     1    0.00    0.45    0.39  134.24 ^ _16944_/Y (sky130_fd_sc_hd__nor4_1)
                                         _08100_ (net)
                  0.45    0.00  134.24 ^ wire2/A (sky130_fd_sc_hd__buf_1)
     2    0.01    0.16    0.36  134.60 ^ wire2/X (sky130_fd_sc_hd__buf_1)
                                         net253 (net)
                  0.16    0.00  134.60 ^ max_cap25/A (sky130_fd_sc_hd__buf_1)
     3    0.01    0.23    0.32  134.92 ^ max_cap25/X (sky130_fd_sc_hd__buf_1)
                                         net25 (net)
                  0.23    0.00  134.92 ^ max_cap24/A (sky130_fd_sc_hd__buf_1)
     1    0.01    0.19    0.32  135.24 ^ max_cap24/X (sky130_fd_sc_hd__buf_1)
                                         net24 (net)
                  0.19    0.00  135.24 ^ _16972_/B1 (sky130_fd_sc_hd__a221oi_4)
     7    0.03    0.20    0.24  135.48 v _16972_/Y (sky130_fd_sc_hd__a221oi_4)
                                         _08129_ (net)
                  0.20    0.00  135.48 v _16975_/B (sky130_fd_sc_hd__or3_1)
     2    0.01    0.19    0.96  136.44 v _16975_/X (sky130_fd_sc_hd__or3_1)
                                         _08132_ (net)
                  0.19    0.00  136.44 v _16980_/A2 (sky130_fd_sc_hd__a221o_1)
     2    0.00    0.11    0.74  137.18 v _16980_/X (sky130_fd_sc_hd__a221o_1)
                                         _08137_ (net)
                  0.11    0.00  137.18 v _16992_/A (sky130_fd_sc_hd__or4_1)
     2    0.01    0.22    1.35  138.53 v _16992_/X (sky130_fd_sc_hd__or4_1)
                                         _08150_ (net)
                  0.22    0.00  138.53 v _17016_/A2 (sky130_fd_sc_hd__o32a_2)
     8    0.03    0.23    0.95  139.48 v _17016_/X (sky130_fd_sc_hd__o32a_2)
                                         _08175_ (net)
                  0.23    0.00  139.48 v _17019_/A2 (sky130_fd_sc_hd__a21o_1)
     1    0.00    0.06    0.40  139.89 v _17019_/X (sky130_fd_sc_hd__a21o_1)
                                         _08178_ (net)
                  0.06    0.00  139.89 v _17020_/A2 (sky130_fd_sc_hd__a21o_1)
     4    0.01    0.14    0.42  140.30 v _17020_/X (sky130_fd_sc_hd__a21o_1)
                                         _08179_ (net)
                  0.14    0.00  140.31 v _17035_/A (sky130_fd_sc_hd__nor4b_1)
     2    0.01    0.63    0.73  141.04 ^ _17035_/Y (sky130_fd_sc_hd__nor4b_1)
                                         _08195_ (net)
                  0.63    0.00  141.04 ^ max_cap21/A (sky130_fd_sc_hd__clkbuf_1)
     2    0.00    0.12    0.37  141.41 ^ max_cap21/X (sky130_fd_sc_hd__clkbuf_1)
                                         net21 (net)
                  0.12    0.00  141.41 ^ _17036_/D_N (sky130_fd_sc_hd__or4bb_1)
     2    0.01    0.21    1.05  142.46 v _17036_/X (sky130_fd_sc_hd__or4bb_1)
                                         _08196_ (net)
                  0.21    0.00  142.47 v _17055_/A1 (sky130_fd_sc_hd__a21bo_1)
     2    0.01    0.09    0.41  142.88 v _17055_/X (sky130_fd_sc_hd__a21bo_1)
                                         _08217_ (net)
                  0.09    0.00  142.88 v _17071_/A1 (sky130_fd_sc_hd__a21o_1)
     4    0.02    0.17    0.42  143.30 v _17071_/X (sky130_fd_sc_hd__a21o_1)
                                         _08234_ (net)
                  0.17    0.00  143.30 v _17085_/A (sky130_fd_sc_hd__and2_1)
     3    0.01    0.14    0.41  143.71 v _17085_/X (sky130_fd_sc_hd__and2_1)
                                         _08249_ (net)
                  0.14    0.00  143.71 v _17088_/A (sky130_fd_sc_hd__clkbuf_4)
    10    0.04    0.16    0.39  144.11 v _17088_/X (sky130_fd_sc_hd__clkbuf_4)
                                         _08253_ (net)
                  0.16    0.00  144.11 v _17107_/A_N (sky130_fd_sc_hd__and2b_1)
     2    0.01    0.19    0.53  144.64 ^ _17107_/X (sky130_fd_sc_hd__and2b_1)
                                         _08273_ (net)
                  0.19    0.00  144.64 ^ _17108_/A2 (sky130_fd_sc_hd__a21boi_1)
     1    0.00    0.13    0.17  144.81 v _17108_/Y (sky130_fd_sc_hd__a21boi_1)
                                         _08275_ (net)
                  0.13    0.00  144.81 v _17109_/B (sky130_fd_sc_hd__or2_1)
     2    0.01    0.13    0.55  145.36 v _17109_/X (sky130_fd_sc_hd__or2_1)
                                         _08276_ (net)
                  0.13    0.00  145.36 v _17113_/B (sky130_fd_sc_hd__nor4b_1)
     2    0.01    0.74    0.80  146.16 ^ _17113_/Y (sky130_fd_sc_hd__nor4b_1)
                                         _08280_ (net)
                  0.74    0.00  146.16 ^ max_cap1/A (sky130_fd_sc_hd__clkbuf_1)
     2    0.00    0.11    0.39  146.54 ^ max_cap1/X (sky130_fd_sc_hd__clkbuf_1)
                                         net252 (net)
                  0.11    0.00  146.54 ^ max_cap20/A (sky130_fd_sc_hd__buf_1)
     1    0.01    0.21    0.28  146.82 ^ max_cap20/X (sky130_fd_sc_hd__buf_1)
                                         net20 (net)
                  0.21    0.00  146.82 ^ _17133_/A2 (sky130_fd_sc_hd__a21oi_4)
     5    0.02    0.15    0.22  147.05 v _17133_/Y (sky130_fd_sc_hd__a21oi_4)
                                         _08301_ (net)
                  0.15    0.00  147.05 v _17135_/A (sky130_fd_sc_hd__nor2_4)
     9    0.05    0.49    0.51  147.56 ^ _17135_/Y (sky130_fd_sc_hd__nor2_4)
                                         _08303_ (net)
                  0.49    0.00  147.57 ^ _17136_/B (sky130_fd_sc_hd__xor2_4)
     3    0.02    0.19    0.33  147.90 v _17136_/X (sky130_fd_sc_hd__xor2_4)
                                         _08304_ (net)
                  0.19    0.00  147.90 v _17139_/A (sky130_fd_sc_hd__or2_1)
     4    0.01    0.18    0.68  148.58 v _17139_/X (sky130_fd_sc_hd__or2_1)
                                         _08308_ (net)
                  0.18    0.00  148.58 v _17144_/A2 (sky130_fd_sc_hd__a31o_1)
     2    0.01    0.11    0.48  149.06 v _17144_/X (sky130_fd_sc_hd__a31o_1)
                                         _08313_ (net)
                  0.11    0.00  149.06 v _17154_/A1 (sky130_fd_sc_hd__a21o_1)
     4    0.02    0.16    0.42  149.48 v _17154_/X (sky130_fd_sc_hd__a21o_1)
                                         _08324_ (net)
                  0.16    0.00  149.48 v _17177_/A1 (sky130_fd_sc_hd__a21o_2)
     7    0.03    0.18    0.54  150.02 v _17177_/X (sky130_fd_sc_hd__a21o_2)
                                         _08349_ (net)
                  0.18    0.00  150.02 v _17180_/A2 (sky130_fd_sc_hd__a2111o_1)
     3    0.01    0.16    0.93  150.95 v _17180_/X (sky130_fd_sc_hd__a2111o_1)
                                         _08352_ (net)
                  0.16    0.00  150.95 v _17192_/S (sky130_fd_sc_hd__mux2_1)
     3    0.01    0.18    0.86  151.81 v _17192_/X (sky130_fd_sc_hd__mux2_1)
                                         _08365_ (net)
                  0.18    0.00  151.81 v _17193_/B (sky130_fd_sc_hd__and2b_1)
     2    0.00    0.08    0.41  152.23 v _17193_/X (sky130_fd_sc_hd__and2b_1)
                                         _08366_ (net)
                  0.08    0.00  152.23 v _17199_/A (sky130_fd_sc_hd__and3_1)
     3    0.01    0.15    0.40  152.63 v _17199_/X (sky130_fd_sc_hd__and3_1)
                                         _08373_ (net)
                  0.15    0.00  152.63 v _17231_/A1 (sky130_fd_sc_hd__a31o_2)
     5    0.03    0.18    0.56  153.19 v _17231_/X (sky130_fd_sc_hd__a31o_2)
                                         _08407_ (net)
                  0.18    0.00  153.19 v _17251_/A1 (sky130_fd_sc_hd__a211oi_4)
     4    0.03    0.57    0.67  153.86 ^ _17251_/Y (sky130_fd_sc_hd__a211oi_4)
                                         _08429_ (net)
                  0.57    0.00  153.87 ^ _17254_/D_N (sky130_fd_sc_hd__or4b_1)
     1    0.01    0.25    1.34  155.21 v _17254_/X (sky130_fd_sc_hd__or4b_1)
                                         _08432_ (net)
                  0.25    0.00  155.21 v _17257_/A (sky130_fd_sc_hd__xnor2_2)
     2    0.01    0.17    0.40  155.61 v _17257_/Y (sky130_fd_sc_hd__xnor2_2)
                                         _08435_ (net)
                  0.17    0.00  155.61 v _17258_/B1_N (sky130_fd_sc_hd__o21bai_1)
     3    0.01    0.20    0.46  156.07 v _17258_/Y (sky130_fd_sc_hd__o21bai_1)
                                         _08437_ (net)
                  0.20    0.00  156.07 v _17265_/A1 (sky130_fd_sc_hd__a21o_1)
     3    0.01    0.11    0.41  156.48 v _17265_/X (sky130_fd_sc_hd__a21o_1)
                                         _08444_ (net)
                  0.11    0.00  156.48 v _17279_/A1 (sky130_fd_sc_hd__a21o_2)
     7    0.02    0.15    0.49  156.97 v _17279_/X (sky130_fd_sc_hd__a21o_2)
                                         _08460_ (net)
                  0.15    0.00  156.97 v _17289_/B1 (sky130_fd_sc_hd__a2bb2o_1)
     1    0.00    0.10    0.65  157.62 v _17289_/X (sky130_fd_sc_hd__a2bb2o_1)
                                         _08470_ (net)
                  0.10    0.00  157.62 v _17290_/S (sky130_fd_sc_hd__mux2_1)
     2    0.01    0.21    0.87  158.50 v _17290_/X (sky130_fd_sc_hd__mux2_1)
                                         _08471_ (net)
                  0.21    0.00  158.50 v _17291_/C1 (sky130_fd_sc_hd__o211ai_4)
     5    0.02    0.31    0.22  158.72 ^ _17291_/Y (sky130_fd_sc_hd__o211ai_4)
                                         _08472_ (net)
                  0.31    0.00  158.72 ^ _17301_/A1 (sky130_fd_sc_hd__o21bai_1)
     3    0.01    0.18    0.32  159.03 v _17301_/Y (sky130_fd_sc_hd__o21bai_1)
                                         _08483_ (net)
                  0.18    0.00  159.03 v _17307_/A1 (sky130_fd_sc_hd__a21o_1)
     5    0.02    0.16    0.46  159.49 v _17307_/X (sky130_fd_sc_hd__a21o_1)
                                         _08489_ (net)
                  0.16    0.00  159.49 v _17340_/A1 (sky130_fd_sc_hd__a21oi_2)
     7    0.02    0.48    0.53  160.02 ^ _17340_/Y (sky130_fd_sc_hd__a21oi_2)
                                         _08526_ (net)
                  0.48    0.00  160.02 ^ _17345_/A (sky130_fd_sc_hd__nor2_1)
     4    0.02    0.21    0.37  160.39 v _17345_/Y (sky130_fd_sc_hd__nor2_1)
                                         _08531_ (net)
                  0.21    0.00  160.39 v _17348_/A2 (sky130_fd_sc_hd__a22o_2)
     5    0.02    0.15    0.66  161.06 v _17348_/X (sky130_fd_sc_hd__a22o_2)
                                         _08534_ (net)
                  0.15    0.00  161.06 v _17358_/D (sky130_fd_sc_hd__or4_2)
     2    0.01    0.28    1.51  162.57 v _17358_/X (sky130_fd_sc_hd__or4_2)
                                         _08545_ (net)
                  0.28    0.00  162.57 v _17368_/B2 (sky130_fd_sc_hd__o221ai_4)
     4    0.01    0.31    0.36  162.93 ^ _17368_/Y (sky130_fd_sc_hd__o221ai_4)
                                         _08556_ (net)
                  0.31    0.00  162.93 ^ _17387_/A1 (sky130_fd_sc_hd__a2111oi_1)
     1    0.00    0.16    0.27  163.19 v _17387_/Y (sky130_fd_sc_hd__a2111oi_1)
                                         _08576_ (net)
                  0.16    0.00  163.19 v _17388_/B1 (sky130_fd_sc_hd__a31o_1)
     1    0.00    0.07    0.39  163.58 v _17388_/X (sky130_fd_sc_hd__a31o_1)
                                         _08577_ (net)
                  0.07    0.00  163.58 v _17392_/A2 (sky130_fd_sc_hd__a2111o_1)
     1    0.01    0.13    0.84  164.43 v _17392_/X (sky130_fd_sc_hd__a2111o_1)
                                         _08581_ (net)
                  0.13    0.00  164.43 v _17402_/A1 (sky130_fd_sc_hd__a21o_1)
     1    0.00    0.06    0.33  164.76 v _17402_/X (sky130_fd_sc_hd__a21o_1)
                                         _08592_ (net)
                  0.06    0.00  164.76 v _17413_/A1 (sky130_fd_sc_hd__a21oi_1)
     2    0.01    0.24    0.27  165.03 ^ _17413_/Y (sky130_fd_sc_hd__a21oi_1)
                                         _08604_ (net)
                  0.24    0.00  165.03 ^ _17418_/A_N (sky130_fd_sc_hd__and4bb_1)
     5    0.02    0.18    0.57  165.60 v _17418_/X (sky130_fd_sc_hd__and4bb_1)
                                         _08610_ (net)
                  0.18    0.00  165.60 v _17419_/D (sky130_fd_sc_hd__and4_1)
     4    0.01    0.15    0.57  166.16 v _17419_/X (sky130_fd_sc_hd__and4_1)
                                         _08611_ (net)
                  0.15    0.00  166.17 v _17420_/D (sky130_fd_sc_hd__and4_1)
     4    0.01    0.16    0.56  166.73 v _17420_/X (sky130_fd_sc_hd__and4_1)
                                         _08612_ (net)
                  0.16    0.00  166.73 v _17421_/D (sky130_fd_sc_hd__and4_1)
     5    0.02    0.17    0.58  167.31 v _17421_/X (sky130_fd_sc_hd__and4_1)
                                         _08613_ (net)
                  0.17    0.00  167.31 v _17423_/A1 (sky130_fd_sc_hd__a21o_1)
     1    0.00    0.07    0.35  167.66 v _17423_/X (sky130_fd_sc_hd__a21o_1)
                                         _08615_ (net)
                  0.07    0.00  167.66 v _17424_/A3 (sky130_fd_sc_hd__a31o_2)
     6    0.03    0.17    0.59  168.25 v _17424_/X (sky130_fd_sc_hd__a31o_2)
                                         _08616_ (net)
                  0.17    0.00  168.25 v _17430_/A (sky130_fd_sc_hd__buf_2)
    10    0.05    0.21    0.45  168.70 v _17430_/X (sky130_fd_sc_hd__buf_2)
                                         _08621_ (net)
                  0.21    0.00  168.70 v _17442_/A1 (sky130_fd_sc_hd__a31o_1)
     1    0.00    0.07    0.40  169.11 v _17442_/X (sky130_fd_sc_hd__a31o_1)
                                         _08632_ (net)
                  0.07    0.00  169.11 v _17443_/B1 (sky130_fd_sc_hd__o21a_1)
     1    0.00    0.06    0.19  169.30 v _17443_/X (sky130_fd_sc_hd__o21a_1)
                                         _00283_ (net)
                  0.06    0.00  169.30 v _18026_/D (sky130_fd_sc_hd__dfrtp_1)
                                169.30   data arrival time

                  0.15  195.31  195.31   clock clk (rise edge)
                          0.00  195.31   clock network delay (ideal)
                         -0.25  195.06   clock uncertainty
                          0.00  195.06   clock reconvergence pessimism
                                195.06 ^ _18026_/CLK (sky130_fd_sc_hd__dfrtp_1)
                         -0.25  194.81   library setup time
                                194.81   data required time
-----------------------------------------------------------------------------
                                194.81   data required time
                               -169.30   data arrival time
-----------------------------------------------------------------------------
                                 25.51   slack (MET)



======================= Typical Corner ===================================

Startpoint: rst_n (input port clocked by clk)
Endpoint: _17708_ (recovery check against rising-edge clock clk)
Path Group: asynchronous
Path Type: max
Corner: Typical

Fanout     Cap    Slew   Delay    Time   Description
-----------------------------------------------------------------------------
                  0.15    0.00    0.00   clock clk (rise edge)
                          0.00    0.00   clock network delay (ideal)
                         39.06   39.06 ^ input external delay
     1    0.00    0.02    0.01   39.08 ^ rst_n (in)
                                         rst_n (net)
                  0.02    0.00   39.08 ^ input1/A (sky130_fd_sc_hd__clkbuf_4)
     5    0.08    0.23    0.26   39.34 ^ input1/X (sky130_fd_sc_hd__clkbuf_4)
                                         net1 (net)
                  0.23    0.00   39.34 ^ fanout108/A (sky130_fd_sc_hd__buf_4)
     8    0.10    0.27    0.34   39.68 ^ fanout108/X (sky130_fd_sc_hd__buf_4)
                                         net108 (net)
                  0.27    0.00   39.68 ^ fanout94/A (sky130_fd_sc_hd__buf_2)
     8    0.05    0.23    0.32   40.01 ^ fanout94/X (sky130_fd_sc_hd__buf_2)
                                         net94 (net)
                  0.23    0.00   40.01 ^ fanout88/A (sky130_fd_sc_hd__buf_2)
     8    0.04    0.21    0.29   40.30 ^ fanout88/X (sky130_fd_sc_hd__buf_2)
                                         net88 (net)
                  0.21    0.00   40.30 ^ fanout87/A (sky130_fd_sc_hd__clkbuf_4)
    10    0.05    0.16    0.29   40.59 ^ fanout87/X (sky130_fd_sc_hd__clkbuf_4)
                                         net87 (net)
                  0.16    0.00   40.59 ^ _17708_/RESET_B (sky130_fd_sc_hd__dfrtp_2)
                                 40.59   data arrival time

                  0.15  195.31  195.31   clock clk (rise edge)
                          0.00  195.31   clock network delay (ideal)
                         -0.25  195.06   clock uncertainty
                          0.00  195.06   clock reconvergence pessimism
                                195.06 ^ _17708_/CLK (sky130_fd_sc_hd__dfrtp_2)
                          0.22  195.28   library recovery time
                                195.28   data required time
-----------------------------------------------------------------------------
                                195.28   data required time
                                -40.59   data arrival time
-----------------------------------------------------------------------------
                                154.69   slack (MET)


Startpoint: _17833_ (rising edge-triggered flip-flop clocked by clk)
Endpoint: _18026_ (rising edge-triggered flip-flop clocked by clk)
Path Group: clk
Path Type: max
Corner: Typical

Fanout     Cap    Slew   Delay    Time   Description
-----------------------------------------------------------------------------
                  0.15    0.00    0.00   clock clk (rise edge)
                          0.00    0.00   clock network delay (ideal)
                  0.15    0.00    0.00 ^ _17833_/CLK (sky130_fd_sc_hd__dfrtp_4)
     4    0.02    0.09    0.57    0.57 v _17833_/Q (sky130_fd_sc_hd__dfrtp_4)
                                         u_fir.taps[9][1] (net)
                  0.09    0.00    0.57 v _10962_/A (sky130_fd_sc_hd__xor2_4)
     3    0.03    0.26    0.30    0.88 ^ _10962_/X (sky130_fd_sc_hd__xor2_4)
                                         _02108_ (net)
                  0.26    0.00    0.88 ^ _10964_/A3 (sky130_fd_sc_hd__a31o_2)
     3    0.03    0.18    0.32    1.20 ^ _10964_/X (sky130_fd_sc_hd__a31o_2)
                                         _02110_ (net)
                  0.18    0.00    1.20 ^ _10966_/B2 (sky130_fd_sc_hd__a221o_1)
     4    0.02    0.18    0.28    1.48 ^ _10966_/X (sky130_fd_sc_hd__a221o_1)
                                         _02112_ (net)
                  0.18    0.00    1.48 ^ _10968_/C_N (sky130_fd_sc_hd__or4bb_1)
     3    0.01    0.14    0.61    2.09 v _10968_/X (sky130_fd_sc_hd__or4bb_1)
                                         _02114_ (net)
                  0.14    0.00    2.09 v _11012_/A2 (sky130_fd_sc_hd__a2111o_1)
     2    0.01    0.11    0.53    2.62 v _11012_/X (sky130_fd_sc_hd__a2111o_1)
                                         _02158_ (net)
                  0.11    0.00    2.62 v _11033_/A2 (sky130_fd_sc_hd__a21o_1)
     4    0.02    0.10    0.28    2.90 v _11033_/X (sky130_fd_sc_hd__a21o_1)
                                         _02179_ (net)
                  0.10    0.00    2.90 v _11090_/A2 (sky130_fd_sc_hd__a311oi_2)
     2    0.01    0.30    0.36    3.26 ^ _11090_/Y (sky130_fd_sc_hd__a311oi_2)
                                         _02236_ (net)
                  0.30    0.00    3.26 ^ _11093_/A2 (sky130_fd_sc_hd__o211a_2)
     6    0.02    0.15    0.32    3.57 ^ _11093_/X (sky130_fd_sc_hd__o211a_2)
                                         _02239_ (net)
                  0.15    0.00    3.57 ^ _11524_/A2 (sky130_fd_sc_hd__o211ai_4)
     7    0.02    0.11    0.14    3.71 v _11524_/Y (sky130_fd_sc_hd__o211ai_4)
                                         _02670_ (net)
                  0.11    0.00    3.71 v _11719_/A (sky130_fd_sc_hd__and2_1)
     1    0.00    0.03    0.17    3.88 v _11719_/X (sky130_fd_sc_hd__and2_1)
                                         _02865_ (net)
                  0.03    0.00    3.88 v _11720_/A (sky130_fd_sc_hd__buf_2)
     9    0.04    0.10    0.19    4.07 v _11720_/X (sky130_fd_sc_hd__buf_2)
                                         _02866_ (net)
                  0.10    0.00    4.07 v _11722_/A2 (sky130_fd_sc_hd__a211o_1)
     2    0.01    0.06    0.34    4.41 v _11722_/X (sky130_fd_sc_hd__a211o_1)
                                         _02868_ (net)
                  0.06    0.00    4.41 v _11724_/A2 (sky130_fd_sc_hd__a21o_1)
     2    0.01    0.06    0.21    4.62 v _11724_/X (sky130_fd_sc_hd__a21o_1)
                                         _02870_ (net)
                  0.06    0.00    4.62 v _11726_/A2 (sky130_fd_sc_hd__a21o_1)
     2    0.01    0.05    0.20    4.82 v _11726_/X (sky130_fd_sc_hd__a21o_1)
                                         _02872_ (net)
                  0.05    0.00    4.82 v _11729_/A2 (sky130_fd_sc_hd__a21o_1)
     2    0.01    0.04    0.20    5.02 v _11729_/X (sky130_fd_sc_hd__a21o_1)
                                         _02875_ (net)
                  0.04    0.00    5.02 v _11730_/C (sky130_fd_sc_hd__and3_1)
     3    0.01    0.06    0.21    5.22 v _11730_/X (sky130_fd_sc_hd__and3_1)
                                         _02876_ (net)
                  0.06    0.00    5.22 v _11732_/A (sky130_fd_sc_hd__or3b_1)
     3    0.01    0.09    0.42    5.65 v _11732_/X (sky130_fd_sc_hd__or3b_1)
                                         _02878_ (net)
                  0.09    0.00    5.65 v _11734_/B (sky130_fd_sc_hd__and3_1)
     3    0.01    0.06    0.21    5.86 v _11734_/X (sky130_fd_sc_hd__and3_1)
                                         _02880_ (net)
                  0.06    0.00    5.86 v _11739_/A (sky130_fd_sc_hd__or3_1)
     1    0.00    0.07    0.39    6.25 v _11739_/X (sky130_fd_sc_hd__or3_1)
                                         _02885_ (net)
                  0.07    0.00    6.25 v _11740_/C1 (sky130_fd_sc_hd__a211o_2)
     4    0.02    0.09    0.35    6.60 v _11740_/X (sky130_fd_sc_hd__a211o_2)
                                         _02886_ (net)
                  0.09    0.00    6.60 v _13618_/A1 (sky130_fd_sc_hd__a2111o_2)
     3    0.02    0.12    0.53    7.13 v _13618_/X (sky130_fd_sc_hd__a2111o_2)
                                         _04764_ (net)
                  0.12    0.00    7.13 v _13752_/A1 (sky130_fd_sc_hd__a21bo_1)
     2    0.01    0.05    0.22    7.35 v _13752_/X (sky130_fd_sc_hd__a21bo_1)
                                         _04898_ (net)
                  0.05    0.00    7.35 v _13770_/A2 (sky130_fd_sc_hd__a21o_1)
     2    0.01    0.05    0.20    7.55 v _13770_/X (sky130_fd_sc_hd__a21o_1)
                                         _04916_ (net)
                  0.05    0.00    7.55 v _13809_/A2 (sky130_fd_sc_hd__a21o_1)
     3    0.01    0.07    0.22    7.77 v _13809_/X (sky130_fd_sc_hd__a21o_1)
                                         _04955_ (net)
                  0.07    0.00    7.77 v _13820_/A1 (sky130_fd_sc_hd__a21o_1)
     3    0.02    0.11    0.25    8.01 v _13820_/X (sky130_fd_sc_hd__a21o_1)
                                         _04966_ (net)
                  0.11    0.00    8.01 v _13825_/A2 (sky130_fd_sc_hd__a21o_1)
     3    0.01    0.06    0.24    8.25 v _13825_/X (sky130_fd_sc_hd__a21o_1)
                                         _04971_ (net)
                  0.06    0.00    8.25 v _13897_/A2 (sky130_fd_sc_hd__a21o_1)
     3    0.01    0.06    0.22    8.47 v _13897_/X (sky130_fd_sc_hd__a21o_1)
                                         _05043_ (net)
                  0.06    0.00    8.47 v _13960_/B1 (sky130_fd_sc_hd__a21o_1)
     2    0.01    0.04    0.17    8.64 v _13960_/X (sky130_fd_sc_hd__a21o_1)
                                         _05106_ (net)
                  0.04    0.00    8.64 v _13965_/B (sky130_fd_sc_hd__and3_1)
     3    0.01    0.06    0.19    8.84 v _13965_/X (sky130_fd_sc_hd__and3_1)
                                         _05111_ (net)
                  0.06    0.00    8.84 v _13968_/A (sky130_fd_sc_hd__or3_2)
     5    0.02    0.12    0.58    9.41 v _13968_/X (sky130_fd_sc_hd__or3_2)
                                         _05114_ (net)
                  0.12    0.00    9.41 v _13975_/A (sky130_fd_sc_hd__and3_1)
     2    0.01    0.06    0.22    9.63 v _13975_/X (sky130_fd_sc_hd__and3_1)
                                         _05121_ (net)
                  0.06    0.00    9.63 v _13976_/C1 (sky130_fd_sc_hd__a211o_1)
     3    0.01    0.10    0.31    9.93 v _13976_/X (sky130_fd_sc_hd__a211o_1)
                                         _05122_ (net)
                  0.10    0.00    9.93 v _13991_/A1 (sky130_fd_sc_hd__a21o_1)
     2    0.01    0.05    0.20   10.13 v _13991_/X (sky130_fd_sc_hd__a21o_1)
                                         _05137_ (net)
                  0.05    0.00   10.13 v _13993_/A2 (sky130_fd_sc_hd__a21o_1)
     2    0.01    0.05    0.19   10.33 v _13993_/X (sky130_fd_sc_hd__a21o_1)
                                         _05139_ (net)
                  0.05    0.00   10.33 v _14003_/A2 (sky130_fd_sc_hd__a21o_1)
     3    0.01    0.06    0.22   10.54 v _14003_/X (sky130_fd_sc_hd__a21o_1)
                                         _05149_ (net)
                  0.06    0.00   10.54 v _14005_/A2 (sky130_fd_sc_hd__a21o_1)
     2    0.01    0.05    0.21   10.75 v _14005_/X (sky130_fd_sc_hd__a21o_1)
                                         _05151_ (net)
                  0.05    0.00   10.75 v _14006_/C (sky130_fd_sc_hd__and3_1)
     2    0.01    0.05    0.21   10.96 v _14006_/X (sky130_fd_sc_hd__and3_1)
                                         _05152_ (net)
                  0.05    0.00   10.96 v _14120_/B1 (sky130_fd_sc_hd__a31o_1)
     2    0.01    0.07    0.23   11.19 v _14120_/X (sky130_fd_sc_hd__a31o_1)
                                         _05266_ (net)
                  0.07    0.00   11.19 v _14192_/A (sky130_fd_sc_hd__xnor2_2)
     2    0.02    0.26    0.28   11.47 ^ _14192_/Y (sky130_fd_sc_hd__xnor2_2)
                                         _05338_ (net)
                  0.26    0.00   11.47 ^ _14193_/B (sky130_fd_sc_hd__xor2_2)
     3    0.02    0.23    0.27   11.74 ^ _14193_/X (sky130_fd_sc_hd__xor2_2)
                                         _05339_ (net)
                  0.23    0.00   11.74 ^ _14194_/B_N (sky130_fd_sc_hd__or2b_1)
     1    0.01    0.06    0.28   12.02 v _14194_/X (sky130_fd_sc_hd__or2b_1)
                                         _05340_ (net)
                  0.06    0.00   12.02 v _14195_/B1 (sky130_fd_sc_hd__a21o_1)
     2    0.01    0.04    0.17   12.20 v _14195_/X (sky130_fd_sc_hd__a21o_1)
                                         _05341_ (net)
                  0.04    0.00   12.20 v _14342_/A1 (sky130_fd_sc_hd__a211o_2)
     3    0.02    0.09    0.36   12.56 v _14342_/X (sky130_fd_sc_hd__a211o_2)
                                         _05488_ (net)
                  0.09    0.00   12.56 v _14532_/A1 (sky130_fd_sc_hd__a211oi_4)
     6    0.02    0.34    0.37   12.93 ^ _14532_/Y (sky130_fd_sc_hd__a211oi_4)
                                         _05678_ (net)
                  0.34    0.00   12.93 ^ _14544_/A (sky130_fd_sc_hd__nor4_1)
     2    0.01    0.10    0.15   13.08 v _14544_/Y (sky130_fd_sc_hd__nor4_1)
                                         _05690_ (net)
                  0.10    0.00   13.08 v _14551_/A (sky130_fd_sc_hd__or4_2)
     4    0.02    0.16    0.81   13.89 v _14551_/X (sky130_fd_sc_hd__or4_2)
                                         _05697_ (net)
                  0.16    0.00   13.89 v _14552_/C1 (sky130_fd_sc_hd__a311o_1)
     2    0.00    0.06    0.34   14.23 v _14552_/X (sky130_fd_sc_hd__a311o_1)
                                         _05698_ (net)
                  0.06    0.00   14.23 v _14566_/A (sky130_fd_sc_hd__or4_1)
     1    0.00    0.09    0.55   14.78 v _14566_/X (sky130_fd_sc_hd__or4_1)
                                         _05712_ (net)
                  0.09    0.00   14.78 v _14567_/A (sky130_fd_sc_hd__clkbuf_2)
     7    0.02    0.10    0.19   14.97 v _14567_/X (sky130_fd_sc_hd__clkbuf_2)
                                         _05713_ (net)
                  0.10    0.00   14.97 v _14585_/A1 (sky130_fd_sc_hd__a2111oi_1)
     1    0.00    0.34    0.39   15.36 ^ _14585_/Y (sky130_fd_sc_hd__a2111oi_1)
                                         _05731_ (net)
                  0.34    0.00   15.36 ^ wire6/A (sky130_fd_sc_hd__clkbuf_1)
     2    0.01    0.08    0.16   15.52 ^ wire6/X (sky130_fd_sc_hd__clkbuf_1)
                                         net257 (net)
                  0.08    0.00   15.52 ^ max_cap45/A (sky130_fd_sc_hd__buf_1)
     1    0.01    0.11    0.14   15.66 ^ max_cap45/X (sky130_fd_sc_hd__buf_1)
                                         net45 (net)
                  0.11    0.00   15.66 ^ _14586_/B (sky130_fd_sc_hd__xor2_2)
     4    0.02    0.12    0.13   15.79 v _14586_/X (sky130_fd_sc_hd__xor2_2)
                                         _05732_ (net)
                  0.12    0.00   15.79 v _14590_/B (sky130_fd_sc_hd__nor3_1)
     3    0.01    0.30    0.32   16.11 ^ _14590_/Y (sky130_fd_sc_hd__nor3_1)
                                         _05736_ (net)
                  0.30    0.00   16.11 ^ _14594_/A2 (sky130_fd_sc_hd__a21o_1)
     3    0.01    0.09    0.22   16.33 ^ _14594_/X (sky130_fd_sc_hd__a21o_1)
                                         _05740_ (net)
                  0.09    0.00   16.33 ^ _14601_/A1 (sky130_fd_sc_hd__a21o_1)
     6    0.02    0.17    0.22   16.55 ^ _14601_/X (sky130_fd_sc_hd__a21o_1)
                                         _05747_ (net)
                  0.17    0.00   16.55 ^ _14602_/A (sky130_fd_sc_hd__buf_4)
    10    0.07    0.19    0.27   16.82 ^ _14602_/X (sky130_fd_sc_hd__buf_4)
                                         _05748_ (net)
                  0.19    0.00   16.82 ^ _14610_/C (sky130_fd_sc_hd__nand3_1)
     2    0.00    0.10    0.12   16.94 v _14610_/Y (sky130_fd_sc_hd__nand3_1)
                                         _05756_ (net)
                  0.10    0.00   16.94 v _14615_/A1 (sky130_fd_sc_hd__a2111o_1)
     4    0.01    0.11    0.46   17.40 v _14615_/X (sky130_fd_sc_hd__a2111o_1)
                                         _05761_ (net)
                  0.11    0.00   17.40 v _14621_/A1 (sky130_fd_sc_hd__a211o_1)
     2    0.00    0.06    0.30   17.70 v _14621_/X (sky130_fd_sc_hd__a211o_1)
                                         _05767_ (net)
                  0.06    0.00   17.70 v _14634_/A2 (sky130_fd_sc_hd__o31a_1)
     3    0.01    0.08    0.33   18.03 v _14634_/X (sky130_fd_sc_hd__o31a_1)
                                         _05780_ (net)
                  0.08    0.00   18.03 v _14640_/A1 (sky130_fd_sc_hd__o31a_2)
     8    0.03    0.12    0.46   18.49 v _14640_/X (sky130_fd_sc_hd__o31a_2)
                                         _05786_ (net)
                  0.12    0.00   18.49 v _14660_/A4 (sky130_fd_sc_hd__o41a_1)
     1    0.00    0.07    0.36   18.85 v _14660_/X (sky130_fd_sc_hd__o41a_1)
                                         _05806_ (net)
                  0.07    0.00   18.85 v _14661_/B (sky130_fd_sc_hd__xnor2_1)
     3    0.01    0.32    0.31   19.16 ^ _14661_/Y (sky130_fd_sc_hd__xnor2_1)
                                         _05807_ (net)
                  0.32    0.00   19.16 ^ _14662_/B1 (sky130_fd_sc_hd__a31oi_1)
     2    0.01    0.09    0.10   19.26 v _14662_/Y (sky130_fd_sc_hd__a31oi_1)
                                         _05808_ (net)
                  0.09    0.00   19.26 v _14673_/A1 (sky130_fd_sc_hd__a21o_1)
     4    0.01    0.07    0.22   19.48 v _14673_/X (sky130_fd_sc_hd__a21o_1)
                                         _05819_ (net)
                  0.07    0.00   19.48 v _14675_/A2 (sky130_fd_sc_hd__a21oi_1)
     2    0.01    0.16    0.20   19.69 ^ _14675_/Y (sky130_fd_sc_hd__a21oi_1)
                                         _05821_ (net)
                  0.16    0.00   19.69 ^ _14676_/A (sky130_fd_sc_hd__clkbuf_4)
    10    0.05    0.15    0.26   19.95 ^ _14676_/X (sky130_fd_sc_hd__clkbuf_4)
                                         _05822_ (net)
                  0.15    0.00   19.95 ^ _14681_/B (sky130_fd_sc_hd__nor2_1)
     5    0.01    0.08    0.11   20.06 v _14681_/Y (sky130_fd_sc_hd__nor2_1)
                                         _05827_ (net)
                  0.08    0.00   20.06 v _14699_/A (sky130_fd_sc_hd__or4bb_1)
     2    0.01    0.10    0.56   20.62 v _14699_/X (sky130_fd_sc_hd__or4bb_1)
                                         _05845_ (net)
                  0.10    0.00   20.62 v _14700_/C1 (sky130_fd_sc_hd__a311o_1)
     3    0.01    0.07    0.33   20.95 v _14700_/X (sky130_fd_sc_hd__a311o_1)
                                         _05846_ (net)
                  0.07    0.00   20.95 v _14705_/A2 (sky130_fd_sc_hd__a21o_2)
     8    0.03    0.10    0.31   21.25 v _14705_/X (sky130_fd_sc_hd__a21o_2)
                                         _05851_ (net)
                  0.10    0.00   21.26 v _14714_/A1 (sky130_fd_sc_hd__a21oi_2)
     3    0.01    0.18    0.22   21.48 ^ _14714_/Y (sky130_fd_sc_hd__a21oi_2)
                                         _05860_ (net)
                  0.18    0.00   21.48 ^ _14717_/A (sky130_fd_sc_hd__nor2_1)
     3    0.01    0.08    0.12   21.60 v _14717_/Y (sky130_fd_sc_hd__nor2_1)
                                         _05863_ (net)
                  0.08    0.00   21.60 v _14738_/A1 (sky130_fd_sc_hd__a2111o_1)
     5    0.01    0.11    0.45   22.05 v _14738_/X (sky130_fd_sc_hd__a2111o_1)
                                         _05884_ (net)
                  0.11    0.00   22.05 v _14749_/A3 (sky130_fd_sc_hd__a41o_1)
     3    0.01    0.06    0.29   22.35 v _14749_/X (sky130_fd_sc_hd__a41o_1)
                                         _05895_ (net)
                  0.06    0.00   22.35 v _14752_/A2 (sky130_fd_sc_hd__a21o_1)
     6    0.02    0.09    0.25   22.59 v _14752_/X (sky130_fd_sc_hd__a21o_1)
                                         _05898_ (net)
                  0.09    0.00   22.59 v _14753_/C (sky130_fd_sc_hd__and3_1)
     2    0.01    0.06    0.23   22.82 v _14753_/X (sky130_fd_sc_hd__and3_1)
                                         _05899_ (net)
                  0.06    0.00   22.82 v _14759_/A (sky130_fd_sc_hd__nor2_1)
     4    0.02    0.28    0.27   23.09 ^ _14759_/Y (sky130_fd_sc_hd__nor2_1)
                                         _05905_ (net)
                  0.28    0.00   23.09 ^ _14762_/C_N (sky130_fd_sc_hd__or4bb_4)
     6    0.02    0.12    0.66   23.75 v _14762_/X (sky130_fd_sc_hd__or4bb_4)
                                         _05908_ (net)
                  0.12    0.00   23.75 v _14785_/A1 (sky130_fd_sc_hd__a41o_4)
     9    0.05    0.09    0.31   24.06 v _14785_/X (sky130_fd_sc_hd__a41o_4)
                                         _05931_ (net)
                  0.09    0.00   24.06 v _14798_/C (sky130_fd_sc_hd__and3_1)
     4    0.01    0.08    0.25   24.31 v _14798_/X (sky130_fd_sc_hd__and3_1)
                                         _05944_ (net)
                  0.08    0.00   24.31 v _14803_/A (sky130_fd_sc_hd__or4_1)
     3    0.01    0.13    0.62   24.94 v _14803_/X (sky130_fd_sc_hd__or4_1)
                                         _05949_ (net)
                  0.13    0.00   24.94 v _14807_/C1 (sky130_fd_sc_hd__a2111o_1)
     4    0.01    0.10    0.45   25.38 v _14807_/X (sky130_fd_sc_hd__a2111o_1)
                                         _05953_ (net)
                  0.10    0.00   25.38 v _14813_/A1 (sky130_fd_sc_hd__a21o_2)
     6    0.02    0.08    0.27   25.66 v _14813_/X (sky130_fd_sc_hd__a21o_2)
                                         _05959_ (net)
                  0.08    0.00   25.66 v _14823_/A1 (sky130_fd_sc_hd__a21bo_1)
     3    0.01    0.06    0.22   25.87 v _14823_/X (sky130_fd_sc_hd__a21bo_1)
                                         _05969_ (net)
                  0.06    0.00   25.87 v _14827_/A2 (sky130_fd_sc_hd__a21bo_1)
     1    0.00    0.04    0.21   26.08 v _14827_/X (sky130_fd_sc_hd__a21bo_1)
                                         _05973_ (net)
                  0.04    0.00   26.09 v _14828_/B (sky130_fd_sc_hd__xor2_1)
     4    0.01    0.31    0.29   26.38 ^ _14828_/X (sky130_fd_sc_hd__xor2_1)
                                         _05974_ (net)
                  0.31    0.00   26.38 ^ _14840_/A2 (sky130_fd_sc_hd__a311o_1)
     1    0.00    0.05    0.23   26.60 ^ _14840_/X (sky130_fd_sc_hd__a311o_1)
                                         _05986_ (net)
                  0.05    0.00   26.60 ^ _14848_/A1 (sky130_fd_sc_hd__a21o_1)
     3    0.01    0.13    0.18   26.79 ^ _14848_/X (sky130_fd_sc_hd__a21o_1)
                                         _05994_ (net)
                  0.13    0.00   26.79 ^ _14851_/A (sky130_fd_sc_hd__clkbuf_4)
    10    0.05    0.16    0.27   27.05 ^ _14851_/X (sky130_fd_sc_hd__clkbuf_4)
                                         _05997_ (net)
                  0.16    0.00   27.05 ^ _14866_/A2 (sky130_fd_sc_hd__a21oi_1)
     2    0.00    0.09    0.11   27.16 v _14866_/Y (sky130_fd_sc_hd__a21oi_1)
                                         _06012_ (net)
                  0.09    0.00   27.16 v _14867_/B (sky130_fd_sc_hd__or4bb_1)
     2    0.01    0.11    0.55   27.71 v _14867_/X (sky130_fd_sc_hd__or4bb_1)
                                         _06013_ (net)
                  0.11    0.00   27.71 v _14868_/C1 (sky130_fd_sc_hd__a221o_1)
     2    0.01    0.07    0.31   28.02 v _14868_/X (sky130_fd_sc_hd__a221o_1)
                                         _06014_ (net)
                  0.07    0.00   28.03 v _14878_/A1 (sky130_fd_sc_hd__a21o_1)
     7    0.02    0.10    0.23   28.26 v _14878_/X (sky130_fd_sc_hd__a21o_1)
                                         _06024_ (net)
                  0.10    0.00   28.26 v _14905_/A (sky130_fd_sc_hd__and2_1)
     1    0.00    0.04    0.17   28.43 v _14905_/X (sky130_fd_sc_hd__and2_1)
                                         _06051_ (net)
                  0.04    0.00   28.43 v _14906_/A (sky130_fd_sc_hd__clkbuf_4)
     8    0.04    0.09    0.20   28.62 v _14906_/X (sky130_fd_sc_hd__clkbuf_4)
                                         _06052_ (net)
                  0.09    0.00   28.63 v _14912_/D (sky130_fd_sc_hd__or4_1)
     2    0.01    0.11    0.47   29.09 v _14912_/X (sky130_fd_sc_hd__or4_1)
                                         _06058_ (net)
                  0.11    0.00   29.10 v _14919_/A (sky130_fd_sc_hd__xnor2_1)
     3    0.01    0.28    0.31   29.40 ^ _14919_/Y (sky130_fd_sc_hd__xnor2_1)
                                         _06065_ (net)
                  0.28    0.00   29.40 ^ _14920_/B1 (sky130_fd_sc_hd__a41o_1)
     3    0.01    0.11    0.20   29.60 ^ _14920_/X (sky130_fd_sc_hd__a41o_1)
                                         _06066_ (net)
                  0.11    0.00   29.60 ^ _14928_/A1 (sky130_fd_sc_hd__a21oi_2)
     2    0.01    0.07    0.10   29.70 v _14928_/Y (sky130_fd_sc_hd__a21oi_2)
                                         _06074_ (net)
                  0.07    0.00   29.70 v _14929_/A (sky130_fd_sc_hd__clkbuf_4)
    10    0.05    0.10    0.22   29.92 v _14929_/X (sky130_fd_sc_hd__clkbuf_4)
                                         _06075_ (net)
                  0.10    0.00   29.92 v _14939_/B (sky130_fd_sc_hd__or3b_1)
     2    0.00    0.07    0.39   30.31 v _14939_/X (sky130_fd_sc_hd__or3b_1)
                                         _06085_ (net)
                  0.07    0.00   30.31 v _14944_/B2 (sky130_fd_sc_hd__a2bb2o_1)
     3    0.01    0.10    0.33   30.64 v _14944_/X (sky130_fd_sc_hd__a2bb2o_1)
                                         _06090_ (net)
                  0.10    0.00   30.64 v _14952_/A3 (sky130_fd_sc_hd__o311ai_4)
     5    0.01    0.29    0.31   30.95 ^ _14952_/Y (sky130_fd_sc_hd__o311ai_4)
                                         _06098_ (net)
                  0.29    0.00   30.95 ^ _14960_/A1 (sky130_fd_sc_hd__a21o_1)
     4    0.02    0.16    0.26   31.21 ^ _14960_/X (sky130_fd_sc_hd__a21o_1)
                                         _06106_ (net)
                  0.16    0.00   31.21 ^ _14963_/A (sky130_fd_sc_hd__nand2_2)
     6    0.03    0.13    0.16   31.37 v _14963_/Y (sky130_fd_sc_hd__nand2_2)
                                         _06109_ (net)
                  0.13    0.00   31.37 v _14965_/A2 (sky130_fd_sc_hd__a22o_1)
     4    0.02    0.10    0.33   31.70 v _14965_/X (sky130_fd_sc_hd__a22o_1)
                                         _06111_ (net)
                  0.10    0.00   31.70 v _14980_/C1 (sky130_fd_sc_hd__a2111o_1)
     4    0.01    0.11    0.44   32.14 v _14980_/X (sky130_fd_sc_hd__a2111o_1)
                                         _06126_ (net)
                  0.11    0.00   32.14 v _14995_/A3 (sky130_fd_sc_hd__a41o_1)
     4    0.02    0.10    0.33   32.46 v _14995_/X (sky130_fd_sc_hd__a41o_1)
                                         _06141_ (net)
                  0.10    0.00   32.46 v _15004_/A1 (sky130_fd_sc_hd__a21o_2)
     8    0.03    0.09    0.28   32.74 v _15004_/X (sky130_fd_sc_hd__a21o_2)
                                         _06150_ (net)
                  0.09    0.00   32.75 v _15017_/C (sky130_fd_sc_hd__and3_1)
     3    0.01    0.05    0.23   32.97 v _15017_/X (sky130_fd_sc_hd__and3_1)
                                         _06163_ (net)
                  0.05    0.00   32.97 v _15019_/B (sky130_fd_sc_hd__or3_1)
     4    0.01    0.12    0.44   33.41 v _15019_/X (sky130_fd_sc_hd__or3_1)
                                         _06165_ (net)
                  0.12    0.00   33.41 v _15020_/C1 (sky130_fd_sc_hd__a2111o_1)
     3    0.01    0.09    0.42   33.83 v _15020_/X (sky130_fd_sc_hd__a2111o_1)
                                         _06166_ (net)
                  0.09    0.00   33.83 v _15027_/A1 (sky130_fd_sc_hd__a21o_2)
     8    0.03    0.09    0.28   34.11 v _15027_/X (sky130_fd_sc_hd__a21o_2)
                                         _06173_ (net)
                  0.09    0.00   34.11 v _15046_/A1 (sky130_fd_sc_hd__a2111o_1)
     2    0.01    0.08    0.42   34.53 v _15046_/X (sky130_fd_sc_hd__a2111o_1)
                                         _06192_ (net)
                  0.08    0.00   34.53 v _15050_/A (sky130_fd_sc_hd__xor2_1)
     3    0.01    0.12    0.22   34.75 v _15050_/X (sky130_fd_sc_hd__xor2_1)
                                         _06196_ (net)
                  0.12    0.00   34.75 v _15051_/A2 (sky130_fd_sc_hd__a211oi_1)
     1    0.00    0.19    0.27   35.02 ^ _15051_/Y (sky130_fd_sc_hd__a211oi_1)
                                         _06197_ (net)
                  0.19    0.00   35.02 ^ _15061_/A2 (sky130_fd_sc_hd__a41o_1)
     2    0.01    0.11    0.26   35.28 ^ _15061_/X (sky130_fd_sc_hd__a41o_1)
                                         _06207_ (net)
                  0.11    0.00   35.28 ^ _15069_/A1 (sky130_fd_sc_hd__a21oi_2)
     6    0.02    0.08    0.10   35.38 v _15069_/Y (sky130_fd_sc_hd__a21oi_2)
                                         _06215_ (net)
                  0.08    0.00   35.38 v _15094_/B (sky130_fd_sc_hd__or3_1)
     3    0.01    0.09    0.40   35.79 v _15094_/X (sky130_fd_sc_hd__or3_1)
                                         _06240_ (net)
                  0.09    0.00   35.79 v _15095_/B (sky130_fd_sc_hd__or2_1)
     1    0.00    0.05    0.23   36.02 v _15095_/X (sky130_fd_sc_hd__or2_1)
                                         _06241_ (net)
                  0.05    0.00   36.02 v _15100_/B1 (sky130_fd_sc_hd__a2bb2o_1)
     4    0.01    0.09    0.34   36.36 v _15100_/X (sky130_fd_sc_hd__a2bb2o_1)
                                         _06246_ (net)
                  0.09    0.00   36.36 v _15115_/A2 (sky130_fd_sc_hd__a21o_1)
     6    0.02    0.11    0.28   36.63 v _15115_/X (sky130_fd_sc_hd__a21o_1)
                                         _06261_ (net)
                  0.11    0.00   36.63 v _15126_/A1 (sky130_fd_sc_hd__a211o_1)
     2    0.01    0.06    0.31   36.95 v _15126_/X (sky130_fd_sc_hd__a211o_1)
                                         _06272_ (net)
                  0.06    0.00   36.95 v _15128_/A2 (sky130_fd_sc_hd__a21bo_1)
     3    0.01    0.06    0.24   37.18 v _15128_/X (sky130_fd_sc_hd__a21bo_1)
                                         _06274_ (net)
                  0.06    0.00   37.18 v _15129_/D1 (sky130_fd_sc_hd__a2111o_1)
     4    0.01    0.11    0.37   37.55 v _15129_/X (sky130_fd_sc_hd__a2111o_1)
                                         _06275_ (net)
                  0.11    0.00   37.55 v _15139_/A2 (sky130_fd_sc_hd__a31o_1)
     2    0.01    0.06    0.27   37.82 v _15139_/X (sky130_fd_sc_hd__a31o_1)
                                         _06285_ (net)
                  0.06    0.00   37.82 v _15150_/A1 (sky130_fd_sc_hd__a21o_1)
     2    0.01    0.04    0.18   37.99 v _15150_/X (sky130_fd_sc_hd__a21o_1)
                                         _06296_ (net)
                  0.04    0.00   37.99 v _15155_/A (sky130_fd_sc_hd__clkbuf_4)
    10    0.04    0.09    0.20   38.19 v _15155_/X (sky130_fd_sc_hd__clkbuf_4)
                                         _06301_ (net)
                  0.09    0.00   38.19 v _15173_/C (sky130_fd_sc_hd__and3_1)
     2    0.00    0.04    0.21   38.40 v _15173_/X (sky130_fd_sc_hd__and3_1)
                                         _06319_ (net)
                  0.04    0.00   38.40 v _15174_/D (sky130_fd_sc_hd__or4_1)
     3    0.01    0.13    0.48   38.88 v _15174_/X (sky130_fd_sc_hd__or4_1)
                                         _06320_ (net)
                  0.13    0.00   38.88 v _15178_/B1 (sky130_fd_sc_hd__a2111o_1)
     1    0.00    0.05    0.42   39.30 v _15178_/X (sky130_fd_sc_hd__a2111o_1)
                                         _06324_ (net)
                  0.05    0.00   39.30 v _15182_/A2 (sky130_fd_sc_hd__a21o_2)
    10    0.03    0.10    0.30   39.60 v _15182_/X (sky130_fd_sc_hd__a21o_2)
                                         _06328_ (net)
                  0.10    0.00   39.60 v _15188_/A1_N (sky130_fd_sc_hd__o2bb2a_1)
     2    0.01    0.12    0.33   39.93 ^ _15188_/X (sky130_fd_sc_hd__o2bb2a_1)
                                         _06334_ (net)
                  0.12    0.00   39.93 ^ _15189_/B (sky130_fd_sc_hd__xor2_1)
     3    0.01    0.09    0.12   40.05 v _15189_/X (sky130_fd_sc_hd__xor2_1)
                                         _06335_ (net)
                  0.09    0.00   40.05 v _15199_/A (sky130_fd_sc_hd__or4b_1)
     3    0.01    0.13    0.62   40.67 v _15199_/X (sky130_fd_sc_hd__or4b_1)
                                         _06345_ (net)
                  0.13    0.00   40.67 v _15226_/A1 (sky130_fd_sc_hd__o32a_2)
     5    0.02    0.10    0.49   41.17 v _15226_/X (sky130_fd_sc_hd__o32a_2)
                                         _06372_ (net)
                  0.10    0.00   41.17 v _15248_/A2 (sky130_fd_sc_hd__a211o_1)
     1    0.00    0.05    0.33   41.49 v _15248_/X (sky130_fd_sc_hd__a211o_1)
                                         _06394_ (net)
                  0.05    0.00   41.49 v _15256_/A2 (sky130_fd_sc_hd__a221o_2)
     7    0.02    0.10    0.47   41.96 v _15256_/X (sky130_fd_sc_hd__a221o_2)
                                         _06402_ (net)
                  0.10    0.00   41.96 v _15262_/A3 (sky130_fd_sc_hd__o31a_2)
     2    0.02    0.10    0.38   42.34 v _15262_/X (sky130_fd_sc_hd__o31a_2)
                                         _06408_ (net)
                  0.10    0.00   42.34 v _15388_/B (sky130_fd_sc_hd__or3b_2)
     5    0.02    0.13    0.56   42.91 v _15388_/X (sky130_fd_sc_hd__or3b_2)
                                         _06534_ (net)
                  0.13    0.00   42.91 v _15485_/C (sky130_fd_sc_hd__and4_1)
     2    0.00    0.05    0.24   43.15 v _15485_/X (sky130_fd_sc_hd__and4_1)
                                         _06631_ (net)
                  0.05    0.00   43.15 v _15491_/B (sky130_fd_sc_hd__or3_1)
     4    0.01    0.10    0.41   43.56 v _15491_/X (sky130_fd_sc_hd__or3_1)
                                         _06637_ (net)
                  0.10    0.00   43.56 v _15808_/A (sky130_fd_sc_hd__and3_1)
     3    0.01    0.07    0.21   43.78 v _15808_/X (sky130_fd_sc_hd__and3_1)
                                         _06954_ (net)
                  0.07    0.00   43.78 v _15810_/B (sky130_fd_sc_hd__or3_2)
     5    0.02    0.13    0.57   44.34 v _15810_/X (sky130_fd_sc_hd__or3_2)
                                         _06956_ (net)
                  0.13    0.00   44.34 v _15839_/A1 (sky130_fd_sc_hd__a21o_1)
     2    0.01    0.04    0.21   44.55 v _15839_/X (sky130_fd_sc_hd__a21o_1)
                                         _06985_ (net)
                  0.04    0.00   44.55 v _15842_/B (sky130_fd_sc_hd__and3_1)
     3    0.01    0.06    0.20   44.74 v _15842_/X (sky130_fd_sc_hd__and3_1)
                                         _06988_ (net)
                  0.06    0.00   44.74 v _15861_/A (sky130_fd_sc_hd__or3_1)
     3    0.01    0.11    0.45   45.19 v _15861_/X (sky130_fd_sc_hd__or3_1)
                                         _07007_ (net)
                  0.11    0.00   45.19 v _15878_/A1 (sky130_fd_sc_hd__a21o_1)
     3    0.01    0.06    0.21   45.40 v _15878_/X (sky130_fd_sc_hd__a21o_1)
                                         _07024_ (net)
                  0.06    0.00   45.40 v _15879_/C (sky130_fd_sc_hd__and3_2)
     3    0.02    0.08    0.28   45.68 v _15879_/X (sky130_fd_sc_hd__and3_2)
                                         _07025_ (net)
                  0.08    0.00   45.68 v _15898_/A (sky130_fd_sc_hd__or3b_1)
     3    0.01    0.11    0.46   46.14 v _15898_/X (sky130_fd_sc_hd__or3b_1)
                                         _07044_ (net)
                  0.11    0.00   46.14 v _15899_/B1_N (sky130_fd_sc_hd__a21boi_2)
     2    0.02    0.08    0.22   46.36 v _15899_/Y (sky130_fd_sc_hd__a21boi_2)
                                         _07045_ (net)
                  0.08    0.00   46.36 v _15900_/B (sky130_fd_sc_hd__or2_1)
     3    0.01    0.08    0.26   46.62 v _15900_/X (sky130_fd_sc_hd__or2_1)
                                         _07046_ (net)
                  0.08    0.00   46.62 v _15905_/A2 (sky130_fd_sc_hd__o31a_1)
     2    0.01    0.07    0.33   46.95 v _15905_/X (sky130_fd_sc_hd__o31a_1)
                                         _07051_ (net)
                  0.07    0.00   46.95 v _15907_/A2 (sky130_fd_sc_hd__o21ai_1)
     2    0.01    0.20    0.21   47.16 ^ _15907_/Y (sky130_fd_sc_hd__o21ai_1)
                                         _07053_ (net)
                  0.20    0.00   47.16 ^ _16102_/A (sky130_fd_sc_hd__xor2_1)
     2    0.01    0.23    0.27   47.42 ^ _16102_/X (sky130_fd_sc_hd__xor2_1)
                                         _07248_ (net)
                  0.23    0.00   47.42 ^ _16103_/B (sky130_fd_sc_hd__nor2_1)
     2    0.01    0.07    0.09   47.52 v _16103_/Y (sky130_fd_sc_hd__nor2_1)
                                         _07249_ (net)
                  0.07    0.00   47.52 v _16139_/A1 (sky130_fd_sc_hd__o311a_1)
     2    0.01    0.06    0.38   47.90 v _16139_/X (sky130_fd_sc_hd__o311a_1)
                                         _07285_ (net)
                  0.06    0.00   47.90 v _16140_/B (sky130_fd_sc_hd__or2_1)
     3    0.01    0.09    0.27   48.17 v _16140_/X (sky130_fd_sc_hd__or2_1)
                                         _07286_ (net)
                  0.09    0.00   48.17 v _16145_/A1 (sky130_fd_sc_hd__o211a_1)
     2    0.00    0.04    0.25   48.42 v _16145_/X (sky130_fd_sc_hd__o211a_1)
                                         _07291_ (net)
                  0.04    0.00   48.42 v _16147_/A (sky130_fd_sc_hd__or2b_1)
     3    0.01    0.08    0.27   48.69 v _16147_/X (sky130_fd_sc_hd__or2b_1)
                                         _07293_ (net)
                  0.08    0.00   48.69 v _16149_/A2 (sky130_fd_sc_hd__a21oi_1)
     1    0.00    0.11    0.16   48.85 ^ _16149_/Y (sky130_fd_sc_hd__a21oi_1)
                                         _07295_ (net)
                  0.11    0.00   48.85 ^ _16150_/B (sky130_fd_sc_hd__or2_1)
     3    0.01    0.09    0.15   49.00 ^ _16150_/X (sky130_fd_sc_hd__or2_1)
                                         _07296_ (net)
                  0.09    0.00   49.00 ^ _16156_/A1 (sky130_fd_sc_hd__a31o_2)
     2    0.02    0.13    0.23   49.23 ^ _16156_/X (sky130_fd_sc_hd__a31o_2)
                                         _07302_ (net)
                  0.13    0.00   49.23 ^ _16158_/A2 (sky130_fd_sc_hd__a21o_1)
     2    0.01    0.12    0.20   49.43 ^ _16158_/X (sky130_fd_sc_hd__a21o_1)
                                         _07304_ (net)
                  0.12    0.00   49.43 ^ _16160_/A2 (sky130_fd_sc_hd__a21oi_1)
     3    0.01    0.10    0.14   49.57 v _16160_/Y (sky130_fd_sc_hd__a21oi_1)
                                         _07306_ (net)
                  0.10    0.00   49.57 v _16162_/A3 (sky130_fd_sc_hd__o31a_1)
     3    0.01    0.08    0.31   49.88 v _16162_/X (sky130_fd_sc_hd__o31a_1)
                                         _07308_ (net)
                  0.08    0.00   49.88 v _16164_/A3 (sky130_fd_sc_hd__o31a_2)
     4    0.02    0.09    0.36   50.24 v _16164_/X (sky130_fd_sc_hd__o31a_2)
                                         _07310_ (net)
                  0.09    0.00   50.25 v _16301_/A (sky130_fd_sc_hd__or4_1)
     3    0.01    0.12    0.60   50.85 v _16301_/X (sky130_fd_sc_hd__or4_1)
                                         _07447_ (net)
                  0.12    0.00   50.85 v _16400_/A1 (sky130_fd_sc_hd__a2111oi_1)
     2    0.01    0.48    0.51   51.36 ^ _16400_/Y (sky130_fd_sc_hd__a2111oi_1)
                                         _07546_ (net)
                  0.48    0.00   51.36 ^ max_cap3/A (sky130_fd_sc_hd__clkbuf_1)
     1    0.00    0.06    0.15   51.52 ^ max_cap3/X (sky130_fd_sc_hd__clkbuf_1)
                                         net254 (net)
                  0.06    0.00   51.52 ^ _16421_/A1 (sky130_fd_sc_hd__o2111a_1)
     6    0.02    0.23    0.35   51.87 ^ _16421_/X (sky130_fd_sc_hd__o2111a_1)
                                         _07567_ (net)
                  0.23    0.00   51.87 ^ _16422_/B (sky130_fd_sc_hd__or2_1)
     1    0.01    0.09    0.18   52.05 ^ _16422_/X (sky130_fd_sc_hd__or2_1)
                                         _07568_ (net)
                  0.09    0.00   52.05 ^ _16423_/A (sky130_fd_sc_hd__buf_8)
    10    0.09    0.16    0.20   52.25 ^ _16423_/X (sky130_fd_sc_hd__buf_8)
                                         _07569_ (net)
                  0.16    0.00   52.25 ^ _16475_/A (sky130_fd_sc_hd__xor2_1)
     3    0.01    0.17    0.21   52.47 ^ _16475_/X (sky130_fd_sc_hd__xor2_1)
                                         _07621_ (net)
                  0.17    0.00   52.47 ^ _16532_/C_N (sky130_fd_sc_hd__or3b_1)
     1    0.00    0.06    0.37   52.84 v _16532_/X (sky130_fd_sc_hd__or3b_1)
                                         _07678_ (net)
                  0.06    0.00   52.84 v _16537_/A (sky130_fd_sc_hd__or4bb_1)
     2    0.01    0.10    0.56   53.39 v _16537_/X (sky130_fd_sc_hd__or4bb_1)
                                         _07683_ (net)
                  0.10    0.00   53.39 v _16546_/A2 (sky130_fd_sc_hd__o31ai_1)
     2    0.01    0.28    0.33   53.72 ^ _16546_/Y (sky130_fd_sc_hd__o31ai_1)
                                         _07692_ (net)
                  0.28    0.00   53.72 ^ _16558_/A (sky130_fd_sc_hd__buf_4)
    10    0.07    0.20    0.31   54.03 ^ _16558_/X (sky130_fd_sc_hd__buf_4)
                                         _07704_ (net)
                  0.20    0.00   54.03 ^ _16567_/A1 (sky130_fd_sc_hd__a21boi_4)
     3    0.02    0.08    0.11   54.15 v _16567_/Y (sky130_fd_sc_hd__a21boi_4)
                                         _07713_ (net)
                  0.08    0.00   54.15 v _16581_/B (sky130_fd_sc_hd__or4bb_1)
     1    0.00    0.07    0.49   54.64 v _16581_/X (sky130_fd_sc_hd__or4bb_1)
                                         _07727_ (net)
                  0.07    0.00   54.64 v _16582_/D (sky130_fd_sc_hd__and4_1)
     2    0.01    0.06    0.24   54.88 v _16582_/X (sky130_fd_sc_hd__and4_1)
                                         _07728_ (net)
                  0.06    0.00   54.88 v _16589_/A1 (sky130_fd_sc_hd__o21bai_1)
     3    0.01    0.23    0.25   55.12 ^ _16589_/Y (sky130_fd_sc_hd__o21bai_1)
                                         _07735_ (net)
                  0.23    0.00   55.12 ^ _16597_/A2 (sky130_fd_sc_hd__a211o_1)
     4    0.02    0.17    0.27   55.39 ^ _16597_/X (sky130_fd_sc_hd__a211o_1)
                                         _07743_ (net)
                  0.17    0.00   55.39 ^ _16603_/A1 (sky130_fd_sc_hd__a21o_1)
     5    0.02    0.16    0.24   55.63 ^ _16603_/X (sky130_fd_sc_hd__a21o_1)
                                         _07749_ (net)
                  0.16    0.00   55.63 ^ _16604_/D (sky130_fd_sc_hd__and4b_1)
     4    0.01    0.16    0.31   55.94 ^ _16604_/X (sky130_fd_sc_hd__and4b_1)
                                         _07750_ (net)
                  0.16    0.00   55.94 ^ _16608_/D_N (sky130_fd_sc_hd__or4b_1)
     3    0.01    0.13    0.54   56.48 v _16608_/X (sky130_fd_sc_hd__or4b_1)
                                         _07754_ (net)
                  0.13    0.00   56.48 v _16653_/A2 (sky130_fd_sc_hd__a21o_1)
     2    0.01    0.04    0.23   56.71 v _16653_/X (sky130_fd_sc_hd__a21o_1)
                                         _07799_ (net)
                  0.04    0.00   56.71 v _16663_/A1 (sky130_fd_sc_hd__o311a_2)
    10    0.03    0.13    0.51   57.21 v _16663_/X (sky130_fd_sc_hd__o311a_2)
                                         _07809_ (net)
                  0.13    0.00   57.22 v _16700_/C (sky130_fd_sc_hd__and3_1)
     1    0.00    0.03    0.22   57.43 v _16700_/X (sky130_fd_sc_hd__and3_1)
                                         _07846_ (net)
                  0.03    0.00   57.43 v _16701_/B (sky130_fd_sc_hd__or2_2)
     3    0.02    0.09    0.34   57.77 v _16701_/X (sky130_fd_sc_hd__or2_2)
                                         _07847_ (net)
                  0.09    0.00   57.77 v _16710_/A1 (sky130_fd_sc_hd__o2111a_1)
     3    0.01    0.08    0.32   58.09 v _16710_/X (sky130_fd_sc_hd__o2111a_1)
                                         _07856_ (net)
                  0.08    0.00   58.09 v _16712_/A2 (sky130_fd_sc_hd__a211o_1)
     3    0.01    0.09    0.37   58.46 v _16712_/X (sky130_fd_sc_hd__a211o_1)
                                         _07858_ (net)
                  0.09    0.00   58.46 v _16730_/A2 (sky130_fd_sc_hd__a31o_1)
     3    0.01    0.07    0.26   58.72 v _16730_/X (sky130_fd_sc_hd__a31o_1)
                                         _07876_ (net)
                  0.07    0.00   58.72 v _16731_/B (sky130_fd_sc_hd__and2_1)
     1    0.00    0.04    0.17   58.89 v _16731_/X (sky130_fd_sc_hd__and2_1)
                                         _07877_ (net)
                  0.04    0.00   58.90 v _16732_/A (sky130_fd_sc_hd__clkbuf_4)
    10    0.06    0.12    0.23   59.12 v _16732_/X (sky130_fd_sc_hd__clkbuf_4)
                                         _07878_ (net)
                  0.12    0.00   59.12 v _16765_/C (sky130_fd_sc_hd__or4b_1)
     3    0.01    0.12    0.57   59.69 v _16765_/X (sky130_fd_sc_hd__or4b_1)
                                         _07911_ (net)
                  0.12    0.00   59.69 v _16766_/B_N (sky130_fd_sc_hd__or2b_1)
     4    0.01    0.13    0.26   59.95 ^ _16766_/X (sky130_fd_sc_hd__or2b_1)
                                         _07912_ (net)
                  0.13    0.00   59.95 ^ _16774_/A_N (sky130_fd_sc_hd__and3b_1)
     1    0.00    0.04    0.20   60.16 v _16774_/X (sky130_fd_sc_hd__and3b_1)
                                         _07920_ (net)
                  0.04    0.00   60.16 v _16779_/A3 (sky130_fd_sc_hd__a31o_1)
     3    0.01    0.05    0.24   60.40 v _16779_/X (sky130_fd_sc_hd__a31o_1)
                                         _07925_ (net)
                  0.05    0.00   60.40 v _16786_/B (sky130_fd_sc_hd__and2_1)
     1    0.00    0.03    0.16   60.56 v _16786_/X (sky130_fd_sc_hd__and2_1)
                                         _07932_ (net)
                  0.03    0.00   60.56 v _16787_/A (sky130_fd_sc_hd__clkbuf_2)
     7    0.03    0.13    0.19   60.75 v _16787_/X (sky130_fd_sc_hd__clkbuf_2)
                                         _07933_ (net)
                  0.13    0.00   60.75 v _16788_/A3 (sky130_fd_sc_hd__o32a_1)
     2    0.01    0.10    0.39   61.14 v _16788_/X (sky130_fd_sc_hd__o32a_1)
                                         _07934_ (net)
                  0.10    0.00   61.14 v _16819_/B (sky130_fd_sc_hd__xnor2_1)
     3    0.01    0.10    0.19   61.33 v _16819_/Y (sky130_fd_sc_hd__xnor2_1)
                                         _07967_ (net)
                  0.10    0.00   61.33 v _16828_/A (sky130_fd_sc_hd__or4_2)
     3    0.02    0.15    0.79   62.12 v _16828_/X (sky130_fd_sc_hd__or4_2)
                                         _07977_ (net)
                  0.15    0.00   62.12 v _16832_/A4 (sky130_fd_sc_hd__a41oi_4)
     5    0.02    0.23    0.33   62.45 ^ _16832_/Y (sky130_fd_sc_hd__a41oi_4)
                                         _07981_ (net)
                  0.23    0.00   62.45 ^ _16833_/A (sky130_fd_sc_hd__clkbuf_4)
    10    0.05    0.15    0.29   62.74 ^ _16833_/X (sky130_fd_sc_hd__clkbuf_4)
                                         _07982_ (net)
                  0.15    0.00   62.74 ^ _16859_/A2 (sky130_fd_sc_hd__a21o_1)
     4    0.01    0.10    0.19   62.93 ^ _16859_/X (sky130_fd_sc_hd__a21o_1)
                                         _08010_ (net)
                  0.10    0.00   62.93 ^ _16860_/C1 (sky130_fd_sc_hd__o2111ai_1)
     2    0.01    0.13    0.15   63.08 v _16860_/Y (sky130_fd_sc_hd__o2111ai_1)
                                         _08011_ (net)
                  0.13    0.00   63.08 v _16870_/A2 (sky130_fd_sc_hd__o32a_1)
     3    0.02    0.11    0.44   63.52 v _16870_/X (sky130_fd_sc_hd__o32a_1)
                                         _08022_ (net)
                  0.11    0.00   63.52 v _16874_/B1 (sky130_fd_sc_hd__o2bb2a_1)
     4    0.01    0.09    0.38   63.90 v _16874_/X (sky130_fd_sc_hd__o2bb2a_1)
                                         _08026_ (net)
                  0.09    0.00   63.90 v _16888_/A1 (sky130_fd_sc_hd__o21bai_1)
     4    0.01    0.26    0.28   64.18 ^ _16888_/Y (sky130_fd_sc_hd__o21bai_1)
                                         _08042_ (net)
                  0.26    0.00   64.18 ^ _16893_/A (sky130_fd_sc_hd__clkbuf_4)
    10    0.04    0.13    0.29   64.47 ^ _16893_/X (sky130_fd_sc_hd__clkbuf_4)
                                         _08047_ (net)
                  0.13    0.00   64.47 ^ _16895_/A1 (sky130_fd_sc_hd__a21oi_1)
     3    0.01    0.09    0.13   64.60 v _16895_/Y (sky130_fd_sc_hd__a21oi_1)
                                         _08049_ (net)
                  0.09    0.00   64.60 v _16899_/A (sky130_fd_sc_hd__or3b_1)
     3    0.01    0.10    0.45   65.04 v _16899_/X (sky130_fd_sc_hd__or3b_1)
                                         _08054_ (net)
                  0.10    0.00   65.04 v _16943_/C (sky130_fd_sc_hd__and4_1)
     4    0.01    0.07    0.26   65.30 v _16943_/X (sky130_fd_sc_hd__and4_1)
                                         _08099_ (net)
                  0.07    0.00   65.30 v _16944_/D (sky130_fd_sc_hd__nor4_1)
     1    0.00    0.26    0.21   65.51 ^ _16944_/Y (sky130_fd_sc_hd__nor4_1)
                                         _08100_ (net)
                  0.26    0.00   65.51 ^ wire2/A (sky130_fd_sc_hd__buf_1)
     2    0.01    0.10    0.17   65.68 ^ wire2/X (sky130_fd_sc_hd__buf_1)
                                         net253 (net)
                  0.10    0.00   65.68 ^ max_cap25/A (sky130_fd_sc_hd__buf_1)
     3    0.01    0.15    0.18   65.86 ^ max_cap25/X (sky130_fd_sc_hd__buf_1)
                                         net25 (net)
                  0.15    0.00   65.86 ^ max_cap24/A (sky130_fd_sc_hd__buf_1)
     1    0.01    0.12    0.17   66.03 ^ max_cap24/X (sky130_fd_sc_hd__buf_1)
                                         net24 (net)
                  0.12    0.00   66.03 ^ _16972_/B1 (sky130_fd_sc_hd__a221oi_4)
     7    0.03    0.11    0.12   66.15 v _16972_/Y (sky130_fd_sc_hd__a221oi_4)
                                         _08129_ (net)
                  0.11    0.00   66.15 v _16975_/B (sky130_fd_sc_hd__or3_1)
     2    0.01    0.09    0.42   66.56 v _16975_/X (sky130_fd_sc_hd__or3_1)
                                         _08132_ (net)
                  0.09    0.00   66.56 v _16980_/A2 (sky130_fd_sc_hd__a221o_1)
     2    0.00    0.06    0.39   66.95 v _16980_/X (sky130_fd_sc_hd__a221o_1)
                                         _08137_ (net)
                  0.06    0.00   66.95 v _16992_/A (sky130_fd_sc_hd__or4_1)
     2    0.01    0.10    0.58   67.53 v _16992_/X (sky130_fd_sc_hd__or4_1)
                                         _08150_ (net)
                  0.10    0.00   67.53 v _17016_/A2 (sky130_fd_sc_hd__o32a_2)
     8    0.03    0.11    0.49   68.01 v _17016_/X (sky130_fd_sc_hd__o32a_2)
                                         _08175_ (net)
                  0.11    0.00   68.01 v _17019_/A2 (sky130_fd_sc_hd__a21o_1)
     1    0.00    0.03    0.21   68.22 v _17019_/X (sky130_fd_sc_hd__a21o_1)
                                         _08178_ (net)
                  0.03    0.00   68.22 v _17020_/A2 (sky130_fd_sc_hd__a21o_1)
     4    0.01    0.08    0.22   68.45 v _17020_/X (sky130_fd_sc_hd__a21o_1)
                                         _08179_ (net)
                  0.08    0.00   68.45 v _17035_/A (sky130_fd_sc_hd__nor4b_1)
     2    0.01    0.36    0.41   68.86 ^ _17035_/Y (sky130_fd_sc_hd__nor4b_1)
                                         _08195_ (net)
                  0.36    0.00   68.86 ^ max_cap21/A (sky130_fd_sc_hd__clkbuf_1)
     2    0.01    0.07    0.16   69.02 ^ max_cap21/X (sky130_fd_sc_hd__clkbuf_1)
                                         net21 (net)
                  0.07    0.00   69.02 ^ _17036_/D_N (sky130_fd_sc_hd__or4bb_1)
     2    0.01    0.10    0.44   69.46 v _17036_/X (sky130_fd_sc_hd__or4bb_1)
                                         _08196_ (net)
                  0.10    0.00   69.46 v _17055_/A1 (sky130_fd_sc_hd__a21bo_1)
     2    0.01    0.05    0.21   69.67 v _17055_/X (sky130_fd_sc_hd__a21bo_1)
                                         _08217_ (net)
                  0.05    0.00   69.67 v _17071_/A1 (sky130_fd_sc_hd__a21o_1)
     4    0.02    0.09    0.22   69.89 v _17071_/X (sky130_fd_sc_hd__a21o_1)
                                         _08234_ (net)
                  0.09    0.00   69.89 v _17085_/A (sky130_fd_sc_hd__and2_1)
     3    0.01    0.07    0.20   70.09 v _17085_/X (sky130_fd_sc_hd__and2_1)
                                         _08249_ (net)
                  0.07    0.00   70.09 v _17088_/A (sky130_fd_sc_hd__clkbuf_4)
    10    0.04    0.09    0.21   70.30 v _17088_/X (sky130_fd_sc_hd__clkbuf_4)
                                         _08253_ (net)
                  0.09    0.00   70.30 v _17107_/A_N (sky130_fd_sc_hd__and2b_1)
     2    0.01    0.12    0.27   70.58 ^ _17107_/X (sky130_fd_sc_hd__and2b_1)
                                         _08273_ (net)
                  0.12    0.00   70.58 ^ _17108_/A2 (sky130_fd_sc_hd__a21boi_1)
     1    0.00    0.07    0.08   70.66 v _17108_/Y (sky130_fd_sc_hd__a21boi_1)
                                         _08275_ (net)
                  0.07    0.00   70.66 v _17109_/B (sky130_fd_sc_hd__or2_1)
     2    0.01    0.07    0.25   70.90 v _17109_/X (sky130_fd_sc_hd__or2_1)
                                         _08276_ (net)
                  0.07    0.00   70.90 v _17113_/B (sky130_fd_sc_hd__nor4b_1)
     2    0.01    0.42    0.44   71.34 ^ _17113_/Y (sky130_fd_sc_hd__nor4b_1)
                                         _08280_ (net)
                  0.42    0.00   71.34 ^ max_cap1/A (sky130_fd_sc_hd__clkbuf_1)
     2    0.00    0.07    0.16   71.50 ^ max_cap1/X (sky130_fd_sc_hd__clkbuf_1)
                                         net252 (net)
                  0.07    0.00   71.50 ^ max_cap20/A (sky130_fd_sc_hd__buf_1)
     1    0.01    0.13    0.16   71.65 ^ max_cap20/X (sky130_fd_sc_hd__buf_1)
                                         net20 (net)
                  0.13    0.00   71.66 ^ _17133_/A2 (sky130_fd_sc_hd__a21oi_4)
     5    0.02    0.09    0.11   71.76 v _17133_/Y (sky130_fd_sc_hd__a21oi_4)
                                         _08301_ (net)
                  0.09    0.00   71.76 v _17135_/A (sky130_fd_sc_hd__nor2_4)
     9    0.05    0.30    0.31   72.07 ^ _17135_/Y (sky130_fd_sc_hd__nor2_4)
                                         _08303_ (net)
                  0.30    0.00   72.07 ^ _17136_/B (sky130_fd_sc_hd__xor2_4)
     3    0.02    0.11    0.15   72.22 v _17136_/X (sky130_fd_sc_hd__xor2_4)
                                         _08304_ (net)
                  0.11    0.00   72.22 v _17139_/A (sky130_fd_sc_hd__or2_1)
     4    0.01    0.09    0.31   72.54 v _17139_/X (sky130_fd_sc_hd__or2_1)
                                         _08308_ (net)
                  0.09    0.00   72.54 v _17144_/A2 (sky130_fd_sc_hd__a31o_1)
     2    0.01    0.06    0.25   72.79 v _17144_/X (sky130_fd_sc_hd__a31o_1)
                                         _08313_ (net)
                  0.06    0.00   72.79 v _17154_/A1 (sky130_fd_sc_hd__a21o_1)
     4    0.02    0.08    0.22   73.01 v _17154_/X (sky130_fd_sc_hd__a21o_1)
                                         _08324_ (net)
                  0.08    0.00   73.01 v _17177_/A1 (sky130_fd_sc_hd__a21o_2)
     7    0.03    0.10    0.28   73.29 v _17177_/X (sky130_fd_sc_hd__a21o_2)
                                         _08349_ (net)
                  0.10    0.00   73.29 v _17180_/A2 (sky130_fd_sc_hd__a2111o_1)
     3    0.01    0.09    0.48   73.78 v _17180_/X (sky130_fd_sc_hd__a2111o_1)
                                         _08352_ (net)
                  0.09    0.00   73.78 v _17192_/S (sky130_fd_sc_hd__mux2_1)
     3    0.01    0.09    0.39   74.17 v _17192_/X (sky130_fd_sc_hd__mux2_1)
                                         _08365_ (net)
                  0.09    0.00   74.17 v _17193_/B (sky130_fd_sc_hd__and2b_1)
     2    0.00    0.04    0.19   74.36 v _17193_/X (sky130_fd_sc_hd__and2b_1)
                                         _08366_ (net)
                  0.04    0.00   74.36 v _17199_/A (sky130_fd_sc_hd__and3_1)
     3    0.01    0.08    0.19   74.55 v _17199_/X (sky130_fd_sc_hd__and3_1)
                                         _08373_ (net)
                  0.08    0.00   74.55 v _17231_/A1 (sky130_fd_sc_hd__a31o_2)
     5    0.03    0.11    0.30   74.85 v _17231_/X (sky130_fd_sc_hd__a31o_2)
                                         _08407_ (net)
                  0.11    0.00   74.85 v _17251_/A1 (sky130_fd_sc_hd__a211oi_4)
     4    0.03    0.36    0.39   75.24 ^ _17251_/Y (sky130_fd_sc_hd__a211oi_4)
                                         _08429_ (net)
                  0.36    0.00   75.25 ^ _17254_/D_N (sky130_fd_sc_hd__or4b_1)
     1    0.01    0.12    0.55   75.80 v _17254_/X (sky130_fd_sc_hd__or4b_1)
                                         _08432_ (net)
                  0.12    0.00   75.80 v _17257_/A (sky130_fd_sc_hd__xnor2_2)
     2    0.01    0.08    0.20   76.00 v _17257_/Y (sky130_fd_sc_hd__xnor2_2)
                                         _08435_ (net)
                  0.08    0.00   76.00 v _17258_/B1_N (sky130_fd_sc_hd__o21bai_1)
     3    0.01    0.10    0.21   76.21 v _17258_/Y (sky130_fd_sc_hd__o21bai_1)
                                         _08437_ (net)
                  0.10    0.00   76.21 v _17265_/A1 (sky130_fd_sc_hd__a21o_1)
     3    0.01    0.06    0.21   76.42 v _17265_/X (sky130_fd_sc_hd__a21o_1)
                                         _08444_ (net)
                  0.06    0.00   76.42 v _17279_/A1 (sky130_fd_sc_hd__a21o_2)
     7    0.02    0.08    0.26   76.68 v _17279_/X (sky130_fd_sc_hd__a21o_2)
                                         _08460_ (net)
                  0.08    0.00   76.68 v _17289_/B1 (sky130_fd_sc_hd__a2bb2o_1)
     1    0.00    0.05    0.30   76.99 v _17289_/X (sky130_fd_sc_hd__a2bb2o_1)
                                         _08470_ (net)
                  0.05    0.00   76.99 v _17290_/S (sky130_fd_sc_hd__mux2_1)
     2    0.01    0.10    0.39   77.38 v _17290_/X (sky130_fd_sc_hd__mux2_1)
                                         _08471_ (net)
                  0.10    0.00   77.38 v _17291_/C1 (sky130_fd_sc_hd__o211ai_4)
     5    0.02    0.20    0.12   77.50 ^ _17291_/Y (sky130_fd_sc_hd__o211ai_4)
                                         _08472_ (net)
                  0.20    0.00   77.50 ^ _17301_/A1 (sky130_fd_sc_hd__o21bai_1)
     3    0.01    0.09    0.14   77.64 v _17301_/Y (sky130_fd_sc_hd__o21bai_1)
                                         _08483_ (net)
                  0.09    0.00   77.64 v _17307_/A1 (sky130_fd_sc_hd__a21o_1)
     5    0.02    0.09    0.24   77.88 v _17307_/X (sky130_fd_sc_hd__a21o_1)
                                         _08489_ (net)
                  0.09    0.00   77.88 v _17340_/A1 (sky130_fd_sc_hd__a21oi_2)
     7    0.02    0.30    0.31   78.19 ^ _17340_/Y (sky130_fd_sc_hd__a21oi_2)
                                         _08526_ (net)
                  0.30    0.00   78.19 ^ _17345_/A (sky130_fd_sc_hd__nor2_1)
     4    0.02    0.12    0.18   78.37 v _17345_/Y (sky130_fd_sc_hd__nor2_1)
                                         _08531_ (net)
                  0.12    0.00   78.37 v _17348_/A2 (sky130_fd_sc_hd__a22o_2)
     5    0.02    0.09    0.36   78.73 v _17348_/X (sky130_fd_sc_hd__a22o_2)
                                         _08534_ (net)
                  0.09    0.00   78.73 v _17358_/D (sky130_fd_sc_hd__or4_2)
     2    0.01    0.13    0.63   79.36 v _17358_/X (sky130_fd_sc_hd__or4_2)
                                         _08545_ (net)
                  0.13    0.00   79.36 v _17368_/B2 (sky130_fd_sc_hd__o221ai_4)
     4    0.01    0.19    0.20   79.56 ^ _17368_/Y (sky130_fd_sc_hd__o221ai_4)
                                         _08556_ (net)
                  0.19    0.00   79.56 ^ _17387_/A1 (sky130_fd_sc_hd__a2111oi_1)
     1    0.00    0.09    0.12   79.68 v _17387_/Y (sky130_fd_sc_hd__a2111oi_1)
                                         _08576_ (net)
                  0.09    0.00   79.68 v _17388_/B1 (sky130_fd_sc_hd__a31o_1)
     1    0.00    0.04    0.21   79.89 v _17388_/X (sky130_fd_sc_hd__a31o_1)
                                         _08577_ (net)
                  0.04    0.00   79.89 v _17392_/A2 (sky130_fd_sc_hd__a2111o_1)
     1    0.01    0.07    0.43   80.32 v _17392_/X (sky130_fd_sc_hd__a2111o_1)
                                         _08581_ (net)
                  0.07    0.00   80.32 v _17402_/A1 (sky130_fd_sc_hd__a21o_1)
     1    0.00    0.04    0.17   80.49 v _17402_/X (sky130_fd_sc_hd__a21o_1)
                                         _08592_ (net)
                  0.04    0.00   80.49 v _17413_/A1 (sky130_fd_sc_hd__a21oi_1)
     2    0.01    0.15    0.16   80.65 ^ _17413_/Y (sky130_fd_sc_hd__a21oi_1)
                                         _08604_ (net)
                  0.15    0.00   80.65 ^ _17418_/A_N (sky130_fd_sc_hd__and4bb_1)
     5    0.02    0.09    0.27   80.92 v _17418_/X (sky130_fd_sc_hd__and4bb_1)
                                         _08610_ (net)
                  0.09    0.00   80.92 v _17419_/D (sky130_fd_sc_hd__and4_1)
     4    0.01    0.08    0.27   81.19 v _17419_/X (sky130_fd_sc_hd__and4_1)
                                         _08611_ (net)
                  0.08    0.00   81.19 v _17420_/D (sky130_fd_sc_hd__and4_1)
     4    0.01    0.08    0.27   81.47 v _17420_/X (sky130_fd_sc_hd__and4_1)
                                         _08612_ (net)
                  0.08    0.00   81.47 v _17421_/D (sky130_fd_sc_hd__and4_1)
     5    0.02    0.09    0.28   81.75 v _17421_/X (sky130_fd_sc_hd__and4_1)
                                         _08613_ (net)
                  0.09    0.00   81.75 v _17423_/A1 (sky130_fd_sc_hd__a21o_1)
     1    0.00    0.04    0.18   81.93 v _17423_/X (sky130_fd_sc_hd__a21o_1)
                                         _08615_ (net)
                  0.04    0.00   81.93 v _17424_/A3 (sky130_fd_sc_hd__a31o_2)
     6    0.03    0.09    0.32   82.25 v _17424_/X (sky130_fd_sc_hd__a31o_2)
                                         _08616_ (net)
                  0.09    0.00   82.25 v _17430_/A (sky130_fd_sc_hd__buf_2)
    10    0.05    0.11    0.23   82.48 v _17430_/X (sky130_fd_sc_hd__buf_2)
                                         _08621_ (net)
                  0.11    0.00   82.48 v _17442_/A1 (sky130_fd_sc_hd__a31o_1)
     1    0.00    0.04    0.21   82.69 v _17442_/X (sky130_fd_sc_hd__a31o_1)
                                         _08632_ (net)
                  0.04    0.00   82.69 v _17443_/B1 (sky130_fd_sc_hd__o21a_1)
     1    0.00    0.03    0.10   82.79 v _17443_/X (sky130_fd_sc_hd__o21a_1)
                                         _00283_ (net)
                  0.03    0.00   82.79 v _18026_/D (sky130_fd_sc_hd__dfrtp_1)
                                 82.79   data arrival time

                  0.15  195.31  195.31   clock clk (rise edge)
                          0.00  195.31   clock network delay (ideal)
                         -0.25  195.06   clock uncertainty
                          0.00  195.06   clock reconvergence pessimism
                                195.06 ^ _18026_/CLK (sky130_fd_sc_hd__dfrtp_1)
                         -0.09  194.98   library setup time
                                194.98   data required time
-----------------------------------------------------------------------------
                                194.98   data required time
                                -82.79   data arrival time
-----------------------------------------------------------------------------
                                112.19   slack (MET)




===========================================================================
report_checks --slack_max -0.01
============================================================================
======================= Fastest Corner ===================================

No paths found.

======================= Slowest Corner ===================================

No paths found.

======================= Typical Corner ===================================

No paths found.


===========================================================================
 report_check_types -max_slew -max_cap -max_fanout -violators
============================================================================
======================= Fastest Corner ===================================

max fanout

Pin                                   Limit Fanout  Slack
---------------------------------------------------------
_15302_/X                                10     11        (VIOLATED)


max slew violations count Fastest: 0
max fanout violations count Fastest: 1
max cap violations count Fastest: 0
======================= Slowest Corner ===================================

max slew

Pin                                    Limit    Slew   Slack
------------------------------------------------------------
_16400_/Y                               0.75    0.84   -0.09 (VIOLATED)
max_cap27/A                             0.75    0.84   -0.09 (VIOLATED)
max_cap3/A                              0.75    0.84   -0.09 (VIOLATED)
_12234_/B                               0.75    0.82   -0.07 (VIOLATED)
_12042_/B                               0.75    0.82   -0.07 (VIOLATED)
_12355_/A                               0.75    0.82   -0.07 (VIOLATED)
_12426_/A                               0.75    0.82   -0.07 (VIOLATED)
_12344_/A                               0.75    0.82   -0.07 (VIOLATED)
_12417_/B                               0.75    0.82   -0.07 (VIOLATED)
_12756_/A                               0.75    0.82   -0.07 (VIOLATED)
_12041_/X                               0.75    0.82   -0.07 (VIOLATED)
_14447_/A                               0.75    0.82   -0.07 (VIOLATED)
_14533_/A                               0.75    0.82   -0.07 (VIOLATED)
_14446_/Y                               0.75    0.82   -0.07 (VIOLATED)
_12395_/A_N                             0.75    0.80   -0.05 (VIOLATED)
_12586_/B                               0.75    0.80   -0.05 (VIOLATED)
_12632_/B                               0.75    0.80   -0.05 (VIOLATED)
_12840_/A_N                             0.75    0.80   -0.05 (VIOLATED)
_13144_/A                               0.75    0.80   -0.05 (VIOLATED)
_13205_/A                               0.75    0.80   -0.05 (VIOLATED)
_13161_/A                               0.75    0.80   -0.05 (VIOLATED)
_13138_/A1                              0.75    0.80   -0.05 (VIOLATED)
_13136_/A                               0.75    0.80   -0.05 (VIOLATED)
_12394_/X                               0.75    0.80   -0.05 (VIOLATED)
_12825_/B2                              0.75    0.79   -0.04 (VIOLATED)
_12865_/B                               0.75    0.79   -0.04 (VIOLATED)
_12760_/B                               0.75    0.79   -0.04 (VIOLATED)
_12347_/B                               0.75    0.79   -0.04 (VIOLATED)
_12351_/A                               0.75    0.79   -0.04 (VIOLATED)
_13153_/A1                              0.75    0.79   -0.04 (VIOLATED)
_13149_/A                               0.75    0.79   -0.04 (VIOLATED)
_12346_/Y                               0.75    0.79   -0.04 (VIOLATED)
_14425_/B                               0.75    0.77   -0.02 (VIOLATED)
_14424_/Y                               0.75    0.77   -0.02 (VIOLATED)
_10510_/A                               0.75    0.77   -0.02 (VIOLATED)
_10515_/A                               0.75    0.77   -0.02 (VIOLATED)
_12203_/A                               0.75    0.77   -0.02 (VIOLATED)
_12204_/A                               0.75    0.77   -0.02 (VIOLATED)
_11949_/B                               0.75    0.77   -0.02 (VIOLATED)
_14108_/A                               0.75    0.77   -0.02 (VIOLATED)
_14106_/B                               0.75    0.77   -0.02 (VIOLATED)
_12198_/A2                              0.75    0.77   -0.02 (VIOLATED)
_12197_/B                               0.75    0.77   -0.02 (VIOLATED)
_10509_/Y                               0.75    0.77   -0.02 (VIOLATED)
_12632_/A_N                             0.75    0.76   -0.01 (VIOLATED)
_12840_/B                               0.75    0.76   -0.01 (VIOLATED)
_12971_/B                               0.75    0.76   -0.01 (VIOLATED)
_13023_/B                               0.75    0.76   -0.01 (VIOLATED)
_13219_/A1                              0.75    0.76   -0.01 (VIOLATED)
_13314_/A                               0.75    0.76   -0.01 (VIOLATED)
_13318_/A                               0.75    0.76   -0.01 (VIOLATED)
_13371_/A                               0.75    0.76   -0.01 (VIOLATED)
_12631_/Y                               0.75    0.76   -0.01 (VIOLATED)

max fanout

Pin                                   Limit Fanout  Slack
---------------------------------------------------------
_15302_/X                                10     11        (VIOLATED)


max slew violations count Slowest: 53
max fanout violations count Slowest: 1
max cap violations count Slowest: 0
======================= Typical Corner ===================================

max fanout

Pin                                   Limit Fanout  Slack
---------------------------------------------------------
_15302_/X                                10     11        (VIOLATED)


max slew violations count Typical: 0
max fanout violations count Typical: 1
max cap violations count Typical: 0

===========================================================================
report_parasitic_annotation -report_unannotated
============================================================================
Found 0 unannotated drivers.
Found 0 partially unannotated drivers.

===========================================================================
max slew violation count 53
max fanout violation count 1
max cap violation count 0
============================================================================

===========================================================================
check_setup -verbose -unconstrained_endpoints -multiple_clock -no_clock -no_input_delay -loops -generated_clocks
===========================================================================
